created_at,id,text,province
Fri Nov 02 15:52:44 +0800 2018,4301936977572788,"""报警，然后和稀泥？""",43
Fri Nov 02 15:49:33 +0800 2018,4301936176493804,"""保护司机是第一要紧，马上装上隔离板""",400
Fri Nov 02 15:43:29 +0800 2018,4301934648739841,"""泼妇可恨，无视职业安全的司机更可恨。""",52
Fri Nov 02 15:42:16 +0800 2018,4301934347652757,"""记得前段时间有个新闻，好像是延安的公交司机，被一个所谓的精神病，拿车上的灭火器狂砸，没有还手，最后医院ICU抢救，最后还是牺牲了。就事论事，遇到紧急情况，应该如何处理？是忍？还是不忍？公交公司现在都是乘客是上帝，打不还手 骂不还口。公交公司是否改反省反省呢？""",400
Fri Nov 02 15:38:42 +0800 2018,4301933445410459,"""女乘客和司机的行为直接造成事故的发生，其他人没有起到阻止的作用，说明不仅仅冷漠还对自己的生命不负责任。不夸张的说，这一车人，没有一个无辜者。""",37
Fri Nov 02 15:38:05 +0800 2018,4301933290274780,"""回复@笨卡就是笨的卡住啦:而不是乘客打你你就要一车人的命""",32
Fri Nov 02 15:37:10 +0800 2018,4301933059534731,"""回复@笨卡就是笨的卡住啦:停下车来，下车再打迟吗？""",32
Fri Nov 02 15:30:16 +0800 2018,4301931323011586,"""回复@三流丶猫童:追尾后车全责""",35
Fri Nov 02 15:27:51 +0800 2018,4301930714984388,"""以后打司机的都严惩啊 判个几年 看谁还敢打司机. 真是不明白 自己错过站 为什么要打司机呢……""",400
Fri Nov 02 15:25:32 +0800 2018,4301930131854981,"""没看懂，这是不是坠江公交车视频""",43
Fri Nov 02 15:23:41 +0800 2018,4301929666341709,"""丢了文明，惘了性命。""",14
Fri Nov 02 15:19:14 +0800 2018,4301928546793241,"""回复@啊哈11111_52652:小学上完看官方说明""",400
Fri Nov 02 15:18:46 +0800 2018,4301928433433695,"""回复@齐达汉姆:所以根本就不用上脚啊，只要大家一人一句的骂那女的一声，这事情就过了。 让不讲理的人嚣张，这个世界就会越来越不讲道理。""",31
Fri Nov 02 15:14:47 +0800 2018,4301927426066534,"""心痛啊""",43
Fri Nov 02 15:12:06 +0800 2018,4301926750814233,"""回复@如愿的盛世:当时车速很快，司机还手后方向是先往右偏了一点。司机往左修正的幅度太大。赌气报复也没有拿命赌的。应该就是操作失误。""",12
Fri Nov 02 15:12:04 +0800 2018,4301926743608153,"""回复@蜀黍Charlie:说的是！公交系统都应该反省！这么多年，不停的打骂司机，非要来一单大事才举国评价，唉声一片？文明宣传、法律法规、这些都要跟上啊！光指着司机忍耐，但凡有选择，谁tm还开公交？""",31
Fri Nov 02 15:10:50 +0800 2018,4301926433131207,"""可怜一车人，多少个家庭因此受到无法挽回的伤害。""",37
Fri Nov 02 15:09:27 +0800 2018,4301926084153212,"""回复@LEZOOO:暂时性被手机拍蒙了，不信可以做个实验，拿手机轻轻拍一下自己眼睛上边。""",14
Fri Nov 02 15:08:48 +0800 2018,4301925920909462,"""我想说那些突发重病的司机紧急关头用尽最后一点力气停下车的光荣事迹就是最标准的应急处理典范，却被一群无脑的人遗忘了。明明是两个人的错，偏要说司机是无辜的。""",100
Fri Nov 02 15:08:43 +0800 2018,4301925904365329,"""转发微博""",35
Fri Nov 02 15:06:54 +0800 2018,4301925446592168,"""只能讲悲惨结局，惨痛代价！""",44
Fri Nov 02 15:05:30 +0800 2018,4301925090950527,"""回复@不靠谱的混蛋:按你的说法，这个世界上根本没有一个无辜者。""",45
Fri Nov 02 15:05:29 +0800 2018,4301925086216718,"""我感觉司机是不是暂时被打的头脑模糊了""",14
Fri Nov 02 15:04:45 +0800 2018,4301924906254711,"""停下车来，你哪怕憋不住火气在打她一顿呢，后果也不至于这么惨重。在说车上有一个上前劝架，也不至于出现这般后果。教训极其惨重，当引起社会的反思！""",13
Fri Nov 02 15:01:53 +0800 2018,4301924180103401,"""杀鸡儆猴吧，既然事情出了就把它扩散大让所有老少都知道严重性""",50
Fri Nov 02 15:01:48 +0800 2018,4301924159767197,"""直到最后一刻司机还握着方向盘真是悲剧啊，因为这女的一个人的行为害死了这么多无辜的生命，真的是希望这些没道德没素质的人或者曾经做过的人看到后要有深深的反思！每个人的命都很珍贵，你若想死请不要连累其他人。""",41
Fri Nov 02 14:59:39 +0800 2018,4301923622548708,"""回复@WJht:哇老子真没看出来那一下是致命的哎，而且作为一个司机，第一反应不应该是保护乘客的生命安全吗，还手是为了维护自己的尊严吧？你有看过开车时突然发病的司机用最后一点力气把车停下来的事迹吗，你再对比一下？""",100
Fri Nov 02 14:58:40 +0800 2018,4301923371377784,"""回复@蛋瓜丝Star:着实不晓得你们怎么想出来的报复？不知道是你们心理太阴暗还是我太简单？""",50
Fri Nov 02 14:57:13 +0800 2018,4301923006117188,"""那旁观的乘客呢？为何没意识到要上前制止？这个事件暴露出太多的社会现象...""",44
Fri Nov 02 14:55:49 +0800 2018,4301922652939571,"""回复@Vita_2010:看清楚，是互殴，而且女子并没有真的拉他的方向盘""",35
Fri Nov 02 14:54:56 +0800 2018,4301922431358282,"""回复@人生的成就白色的烟:对啊，不该挨打，同时也不要把整车生命当儿戏，可以采取刹车等有效措施，停车再说，然而他明显被刺激了，有点故意打方向冲下去""",32
Fri Nov 02 14:53:49 +0800 2018,4301922149987364,"""这个乘客自私素质低是的确，但是司机安全意识淡薄也是的确。退一步说司机停下车打架都比一边开车一边打架安全。""",44
Fri Nov 02 14:53:23 +0800 2018,4301922041051603,"""报警有用的话，为什么还有一次又一次的殴打司机之事发生？这种事发生过几回了？谁最该反省？""",400
Fri Nov 02 14:53:07 +0800 2018,4301921978254594,"""回复@不靠谱的混蛋:碰到这种事你确定你就会上去制止，制止不是每个人的义务，不知道你的家人如果在车上的话，你还好意思说出这种话吗""",21
Fri Nov 02 14:52:52 +0800 2018,4301921911518751,"""违停是要贴罚单的""",36
Fri Nov 02 14:52:50 +0800 2018,4301921906642113,"""判上个十年八载的，你看还有那个人敢，除了疯子""",43
Fri Nov 02 14:52:24 +0800 2018,4301921793948519,"""上次坐公交上车的时候看到司机在跟乘客吵架，就停下来等，然后我确认他们吵完了才上车。上车之后赶紧去跟司机说，别生气了，别生气了。""",32
Fri Nov 02 14:52:17 +0800 2018,4301921763976732,"""这条死🐴 母🐶 亲🐴 必死""",34
Fri Nov 02 14:51:59 +0800 2018,4301921689231158,"""一站一生...""",100
Fri Nov 02 14:51:58 +0800 2018,4301921684783803,"""司机因为承载一车生命，就该挨打？就是不理智？？ 做错过一站，就可以打骂司机？掌握生命的个体们，干嘛要把生命交给这两个人？都坐着旁观？ 明知道司机工作重要，公交公司怎么不想规避问题，围蔽座位？ 人命重要，对于随便对司机打骂的人，怎么没有严厉制裁？""",31
Fri Nov 02 14:51:52 +0800 2018,4301921663570006,"""回复@-MESSIAH-:凡是严重干扰司机正常驾驶的，均按恐怖袭击处理就好了！""",41
Fri Nov 02 14:50:37 +0800 2018,4301921344631751,"""回复@成都市精神内科副主任:要是报警有用的话，就不会出现现在的悲剧了。""",31
Fri Nov 02 14:49:27 +0800 2018,4301921051355441,"""回复@心默魔心:赞同你说的一些话，但是后面那几句，我建议你也好好去听听视频里面的话，尤其是哔声前面，你听听司机说的是什么""",50
Fri Nov 02 14:47:38 +0800 2018,4301920593886445,"""有个案例报警了，只是拘留了5天，危害公共安全……说不定5天后出来闹得更厉害了[doge]""",21
Fri Nov 02 14:45:21 +0800 2018,4301920019493952,"""回复@齐达汉姆:你再仔细看一下，是先左手转了半圈，然后右手上来继续半圈，双手之后又“从容”的回了半圈。""",31
Fri Nov 02 14:43:53 +0800 2018,4301919650430433,"""司机没有踩刹车反而一边开车一边还手，两个都有责任。""",100
Fri Nov 02 14:42:42 +0800 2018,4301919357495742,"""回复@蜀黍Charlie:如果坐过站的乘客没打第一锤，后面的事情就不会发生。""",44
Fri Nov 02 14:42:30 +0800 2018,4301919302372391,"""说的这么有道理，那你为什么不来开公交车呢？你应该就是个好司机！""",32
Fri Nov 02 14:41:58 +0800 2018,4301919167978504,"""回复@清晨-SunP:@通通给我""",36
Fri Nov 02 14:39:12 +0800 2018,4301918471400372,"""都是糊瘟妈的褐瞎社会惹的祸！""",31
Fri Nov 02 14:38:35 +0800 2018,4301918316516555,"""司机护栏，很直接的方法""",35
Fri Nov 02 14:35:33 +0800 2018,4301917553683633,"""我当零售的，泼妇往往比黑社会还难缠，还凶，更无理取闹[摊手] 中国最不缺的真的是泼妇""",81
Fri Nov 02 14:35:21 +0800 2018,4301917503469708,"""回复@呜呜啦啦呼呀呀:这个视频向左打方向那一段故意加快了 很难发现""",21
Fri Nov 02 14:34:25 +0800 2018,4301917268108823,"""为什么向左打方向那部分快进了 为什么向左打方向""",21
Fri Nov 02 14:34:10 +0800 2018,4301917205114381,"""回复@不靠谱的混蛋:那车上几个两三岁的小孩难道不无辜？""",51
Fri Nov 02 14:33:27 +0800 2018,4301917025110775,"""回复@蜀黍Charlie:可能乘客和司机生活压力都很大，一瞬间失去了理智。""",100
Fri Nov 02 14:31:10 +0800 2018,4301916449970931,"""回复@绿豆油炸糕:她用手机打了驾驶员的头""",37
Fri Nov 02 14:30:30 +0800 2018,4301916283039355,"""回复@不靠谱的混蛋:你这说的是人话吗？祝福你全家都在公交车上""",32
Fri Nov 02 14:30:00 +0800 2018,4301916161249867,"""回复@子柒原来你在这里:我只站在那13个无辜乘客。这司机是受了多大的委屈要让一车人陪葬！！！""",13
Fri Nov 02 14:29:28 +0800 2018,4301916022511189,"""你怎么知道假如司机把车停下其他乘客会对肇事者施压，而不是对司机施压？""",100
Fri Nov 02 14:29:27 +0800 2018,4301916022509062,"""早上还看到公交车司机在大桥上停车救下要跳桥自杀的人，为啥有人说桥上不能停车？一般大桥上限速是60，跟高速公路不是一回事。还有些人怕是对职业道德有什么误解。""",31
Fri Nov 02 14:28:03 +0800 2018,4301915665640205,"""要从法律层面深刻反思，为什么对待无赖法律总是束手无策，纵容无赖无异于鼓励犯罪！""",400
Fri Nov 02 14:27:55 +0800 2018,4301915636687344,"""掉下去都知道叫咋不出手制止呢？""",100
Fri Nov 02 14:27:40 +0800 2018,4301915568808972,"""真好""",37
Fri Nov 02 14:26:35 +0800 2018,4301915297061069,"""回复@斯泰尔斯哟:作为专业的司机，无论如何也不能拿其他人的生命开玩笑，逝者已逝，活着慎思。""",11
Fri Nov 02 14:26:13 +0800 2018,4301915204050336,"""回复@小小小小润发:貌似远没有滴滴有责任感，相关公司？发证机构？收费机构？承诺呢？仗义呢？保障呢？……""",32
Fri Nov 02 14:25:04 +0800 2018,4301914919777503,"""回复@如愿的盛世:视频确实这样，猛打方向盘好像不是无奈之举。""",11
Fri Nov 02 14:23:46 +0800 2018,4301914587577003,"""回复@线味:滴滴的承诺？滴滴的仗义呢？""",32
Fri Nov 02 14:23:27 +0800 2018,4301914512239791,"""回复@成都市精神内科副主任:女的把司机打死了怎么办""",100
Fri Nov 02 14:23:02 +0800 2018,4301914407524052,"""是政府平时太过纵容无赖，和稀泥给惯的，如果平时对类似行为重罚严惩，谁敢在公交车上撒野？""",31
Fri Nov 02 14:22:58 +0800 2018,4301914387224620,"""司机理应受到保护和尊重，司机没有错，司机师傅是人不是神，有人打骂肯定会生气。如果有人打骂客机飞行员，请问有人会质疑飞行员？!!""",37
Fri Nov 02 14:22:35 +0800 2018,4301914294391130,"""回复@邯郸小学生日记:明明知道在高架桥上走，吵完还拿手机砸司机，有什么事下车俩人死里打也没关系。理上说的司机应该忍让好好开车，按理说挨了打谁不气，女乘客拿手机砸司机，司机也是疼了火在头上，本来安心开车的意识完全被女乘客扰乱来了个大转方向盘，蓝衣服女乘客捞上来就应该扔到乱葬岗，让其家属赔偿受害者损失！""",65
Fri Nov 02 14:22:01 +0800 2018,4301914147398626,"""这个时候旁观的群众 可能感觉到后悔了""",13
Fri Nov 02 14:21:49 +0800 2018,4301914097261301,"""回复@罗伯源:咋会没影响，其他人着急肯定会说这个乘客""",23
Fri Nov 02 14:21:48 +0800 2018,4301914093520072,"""回复@增辉:恩，你这样真有道理，等你做公交车司机遇到被撒泼乘客打的时候，麻烦您心平气和的停下车跟乘客谈一下这样不对[微笑]这件事没什么好争论的，司机无论做什么反应都是那个女乘客导火索先挑事的，而这社会这种人还真不少，只不过这次最严重，舆论还是先治治这种暴脾气乘客在申讨司机吧[微笑]""",44
Fri Nov 02 14:21:26 +0800 2018,4301914000378275,"""回复@邯郸小学生日记:主要罪魁祸首就是女司机，一点脑子和安全意识都没有，她的一时冲动让多少个家庭支离破碎。""",65
Fri Nov 02 14:19:02 +0800 2018,4301913397050208,"""可问题是，这位乘客没抢方向盘哪[费解]""",23
Fri Nov 02 14:18:50 +0800 2018,4301913346536316,"""碰到这种情况，应该允许司机停车，揍她！""",100
Fri Nov 02 14:18:37 +0800 2018,4301913291632239,"""司机还是有职业道德的 就因为错过了站就牺牲了14个人 要不是在桥上就有更多的车主和路人受伤死亡的更多""",100
Fri Nov 02 14:18:12 +0800 2018,4301913186636788,"""司机向左猛打方向后没有回打，朝着护栏直撞，这是一个关键点。""",100
Fri Nov 02 14:17:13 +0800 2018,4301912939373647,"""回复@touristui6721766351:好好看看视频，小红车是在最右侧车道，隔着一个车道呢 怎么就快撞上了？""",35
Fri Nov 02 14:16:55 +0800 2018,4301912867971401,"""给公车司机加工资！""",41
Fri Nov 02 14:16:39 +0800 2018,4301912797317199,"""回复@追逐的狂热:谢个啥？ 不是一堆人说面前没车吗？ 你怕是回复错人了""",400
Fri Nov 02 14:16:00 +0800 2018,4301912633542658,"""回复@薄薄薄薄薄思:我知道 哎 不过一切都是这个女人的错 只是说司机也没忍住""",400
Fri Nov 02 14:15:57 +0800 2018,4301912620315858,"""不管什么矛盾，夺方向盘，打司机，就是不对的。""",37
Fri Nov 02 14:15:33 +0800 2018,4301912524758226,"""事后的诸葛亮太多啦。""",12
Fri Nov 02 14:15:15 +0800 2018,4301912444644936,"""看到了视频，真相出来了，都在追究谁谁的过错，好揪心[泪]""",44
Fri Nov 02 14:14:42 +0800 2018,4301912306316821,"""回复@EG-Tails:你看过事发视频没有？司机是用右手往左边推的好吗""",35
Fri Nov 02 14:14:16 +0800 2018,4301912197743985,"""为什么又有这么多人在言之凿凿的是谁的罪了呢，难道已经忘了前几天还“千夫所指”的那个女司机了，打脸了多少人，这么快都又成“正义的使者了”""",31
Fri Nov 02 14:13:40 +0800 2018,4301912045873780,"""有一次在哈尔滨做公交，车上有个老头也是坐过站了，发现后让司机停车，不到站点司机不停。 到下一站点，老头下车就站在车头前不让车走。司机只好喊停了同一线路的其他车，所有人换乘走了。司机陪老头耗着。[摊手] 后来不知道怎么处理了""",11
Fri Nov 02 14:13:20 +0800 2018,4301911962439122,"""回复@Mr台北:入罪了就可以判刑了。但是在中国判刑的不多""",31
Fri Nov 02 14:12:02 +0800 2018,4301911634819384,"""回复@北極輝:建议直接判刑""",100
Fri Nov 02 14:11:54 +0800 2018,4301911601549842,"""回复@如愿的盛世:看了视频我也这么觉得，但是说出来被骂心里阴暗""",35
Fri Nov 02 14:11:12 +0800 2018,4301911425090769,"""在长江大桥上停车，允许吗？司机会被扣多少分？""",100
Fri Nov 02 14:10:40 +0800 2018,4301911291289753,"""回复@心里有朵莲:很多事没有如果，打架抢方向盘就算了，是真的危险，打死不为过，但是单单吵架，你冲上去一脚，一般人都不会这么做吧""",35
Fri Nov 02 14:10:40 +0800 2018,4301911290963350,"""回复@绿帽:雪崩的时候，没有一片雪花是无辜的""",51
Fri Nov 02 14:10:37 +0800 2018,4301911278360470,"""回复@张康你过来一下:在任何素养面前他首先得是一个人，人是有喜怒哀乐的，在正常状态下才能保持所谓素养，你的要求适合以后未来趋势的无人驾驶或者机器人驾驶""",100
Fri Nov 02 14:10:03 +0800 2018,4301911136625522,"""回复@不靠谱的混蛋:付出些代价确实应该，但这代价不应该是生命""",100
Fri Nov 02 14:09:44 +0800 2018,4301911061035939,"""转发微博""",62
Fri Nov 02 14:09:30 +0800 2018,4301910997568060,"""回复@绿豆油炸糕:主要责任还是女乘客，但凡她有一点安全意识，就不会在司机开车的时候拿着手机砸司机""",65
Fri Nov 02 14:09:03 +0800 2018,4301910884929975,"""回复@温温LHH:希望这个病态女乘客家属赔偿""",81
Fri Nov 02 14:08:40 +0800 2018,4301910791709413,"""医生、公交司机一个个都成了高危职业。管不了乘客，至少保护下驾驶员吧，安装防护装置，加高加厚的，疯子横行的世界，不能裸奔""",31
Fri Nov 02 14:08:03 +0800 2018,4301910633232230,"""最根本的难道不是要重视教育 从根本上提高公民素质 让普通人更能明辨是非吗""",100
Fri Nov 02 14:07:21 +0800 2018,4301910456587649,"""报警有卵用就没那么多屁事了！还不是批评教育不了了之？施暴者得到什么惩罚？""",81
Fri Nov 02 14:07:21 +0800 2018,4301910456254866,"""可以了，别扯淡了。现在很多乘客就是木偶人，指望别人所谓施加压力？你说笑呢，jc来了也是带走训诫顶多罚款拘留几天放人，毕竟稳定才是王道""",100
Fri Nov 02 14:06:57 +0800 2018,4301910360539911,"""回复@莉莉粒粒呖呖:类似的事还会有""",62
Fri Nov 02 14:06:39 +0800 2018,4301910280133057,"""以后公交公司应该加一项：遇上不讲理的乘客，可以允许司机就近靠边停车报警处理。""",42
Fri Nov 02 14:05:40 +0800 2018,4301910032945941,"""回复@如愿的盛世:他是猛打左方向，想用惯性把那女的向右甩出去。""",37
Fri Nov 02 14:05:18 +0800 2018,4301909940555313,"""就那么葬送了多人命[伤心]""",45
Fri Nov 02 14:04:38 +0800 2018,4301909772501606,"""回复@温温LHH:是的""",42
Fri Nov 02 14:03:30 +0800 2018,4301909487209846,"""谁再抢方向盘，影响司机开车。直接判十年。[怒][怒][怒]""",11
Fri Nov 02 14:02:23 +0800 2018,4301909206655358,"""回复@清晨-SunP:真的应该这样。像其他十来个家庭谢罪，也提醒大家以后不能这样任性妄为""",42
Fri Nov 02 14:01:51 +0800 2018,4301909076389286,"""悲剧就是这么些冲动的时候发生了，希望人们在外，都更和平文明一点，为自己也为他人。""",42
Fri Nov 02 14:01:06 +0800 2018,4301908887669725,"""回复@绿帽:就几秒的时间，一般人还没反应过来。可能有的人刚要过去制止，车已经掉下去了""",33
Fri Nov 02 13:59:33 +0800 2018,4301908494233482,"""都打起来了还不赶紧停车""",13
Fri Nov 02 13:59:22 +0800 2018,4301908447580716,"""回复@西北兄弟1985:[汗][晕]服你的三观，更服你的腦子，懂的用反对你三观的就是无脑而先发制人，绑的真漂亮，这点你真有脑子，可惜只是自以为而已""",36
Fri Nov 02 13:59:03 +0800 2018,4301908367227108,"""安个护栏，随便人家怎么吵""",31
Fri Nov 02 13:58:58 +0800 2018,4301908347263755,"""回复@自然法是全人类的:哎，人已经……""",32
Fri Nov 02 13:58:26 +0800 2018,4301908216862754,"""回复@大灵灵_41803:麻烦认真看下事故通报，公交线路因为修路改线，到达最近的站司机提醒过可以就近下车，乘客没下，过了两站才反应过来，然后让司机马上停车，公交车未到站不能停车，这才导致乘客对司机的纠缠。""",51
Fri Nov 02 13:58:06 +0800 2018,4301908129042850,"""回复@不靠谱的混蛋:你的话，让我感觉，社会态度即将上升一个高度，现在太多事不关己了……""",100
Fri Nov 02 13:56:31 +0800 2018,4301907730377520,"""类似的事不少，想想政府在干嘛吧""",100
Fri Nov 02 13:55:23 +0800 2018,4301907444813115,"""😨""",31
Fri Nov 02 13:55:19 +0800 2018,4301907428016640,"""停车再干""",22
Fri Nov 02 13:54:30 +0800 2018,4301907222491719,"""无理女乘客是诱因，但司机不合理的应对以及最后突然在没干扰且路况良好时往对向车道猛打方向盘的行为，甚至带有赌气的性质。是酿成十多人丧命的大悲剧的主因。谁人都要受委屈，受了委屈也不能拿无辜人们的生命撒气！否则你再有理也已变成了危害公共安全了！""",100
Fri Nov 02 13:53:47 +0800 2018,4301907042743107,"""回复@云风飞扬III:政府違法都是政府說了你才知道，不說都是抑鬱自殺，你覺得這種政府可信嗎？""",71
Fri Nov 02 13:53:35 +0800 2018,4301906992489058,"""最后的凄凉的惨叫""",44
Fri Nov 02 13:53:02 +0800 2018,4301906853546367,"""以后招公交司机的时候应该做下人格测试和心理测试""",50
Fri Nov 02 13:52:50 +0800 2018,4301906802765212,"""MD这是最让人痛心的原因，这么多年民众心理素养不升反降，只能说和人种有关.....""",33
Fri Nov 02 13:52:47 +0800 2018,4301906795010719,"""这就是对之前一些泼皮无赖太过纵容和放纵埋下的祸根。导致无理取闹乘客干扰公交司机正常驾驶的事情频繁出现。执法者总批评教育就完事了，导致此类事件频发发生终于酿成大祸了。""",32
Fri Nov 02 13:52:17 +0800 2018,4301906664824628,"""唯一有效的办法就是重判肇事乘客""",62
Fri Nov 02 13:52:00 +0800 2018,4301906593943514,"""反复看这段录像，觉得司机不对劲。首先桥是直的，司机在受到女子袭击时车辆是按正确路线直线行驶的，司机反击之后为什么要向左猛打一下方向盘呢？前面又没有要避让的车辆。感觉这司机是想把车摆动一下，吓唬这女子，结果车辆失控从桥上坠落河中。""",15
Fri Nov 02 13:51:43 +0800 2018,4301906522298007,"""回复@带胶不:不得不佩服他们这方面的过人之处""",31
Fri Nov 02 13:51:38 +0800 2018,4301906501558228,"""回复@绿帽:看视频如此短的时间不容乘客反应就掉江里了。""",44
Fri Nov 02 13:51:11 +0800 2018,4301906388580511,"""和稀泥的结果[哈哈]""",61
Fri Nov 02 13:51:00 +0800 2018,4301906341502990,"""回复@涛声依旧V8h2:对""",22
Fri Nov 02 13:50:56 +0800 2018,4301906325452243,"""回复@--留神:乘客怒了，能把车给砸烂了，或者把车的控制系统砸坏了，就像有人砸ATM机那样""",31
Fri Nov 02 13:50:00 +0800 2018,4301906089875262,"""建议所有出厂的公交车驾驶室与乘客用钢化玻璃隔离开来成为标配。""",44
Fri Nov 02 13:49:18 +0800 2018,4301905913541268,"""回复@心默魔心:然而他并没有采取措施，去刹车。而且从两个录像来看，并不存在你所说的，慢慢靠近红色车，因为躲避而发生的事故，从对面录像来看就是突然猛打方向。说白了就是司机被那个泼妇打上头了，报复心理吧，然而却赔了一车人性命。""",11
Fri Nov 02 13:49:15 +0800 2018,4301905901992551,"""正常人坐过站，就是发个圈说今日最傻坐过站[允悲][允悲]，之后一脸冷静等下一站[拜拜]""",44
Fri Nov 02 13:49:11 +0800 2018,4301905885192630,"""回复@Lai-Allan:键盘侠你好""",400
Fri Nov 02 13:48:33 +0800 2018,4301905725029785,"""回复@温温LHH:对她太客气了，让她万劫不复。""",41
Fri Nov 02 13:47:16 +0800 2018,4301905407003268,"""回复@小吕观天下:就是，对司机要求太高了，脖子是最重要的地方，被人致命袭击，还有时间想那么多""",31
Fri Nov 02 13:47:12 +0800 2018,4301905385490041,"""不过真是哗了狗了。[吃瓜]""",11
Fri Nov 02 13:46:52 +0800 2018,4301905301877216,"""回复@不靠谱的混蛋:就好像你会上去似的""",31
Fri Nov 02 13:46:42 +0800 2018,4301905259643751,"""国家也有责任  为什么桥上没有水泥柱子""",31
Fri Nov 02 13:46:13 +0800 2018,4301905138780407,"""司机的处置明显不当，以前报道过有司机突发疾病或者被外物伤害，都在尽力把车安全停稳，乘客的问题，停别以后再教训或者报警以后涉嫌犯罪被拘，毕竟司机不同于一般人""",34
Fri Nov 02 13:46:12 +0800 2018,4301905134169179,"""这么多人说司机有罪，我就知道问题解决不了。[微笑]""",31
Fri Nov 02 13:46:05 +0800 2018,4301905105187620,"""国家也有这人""",31
Fri Nov 02 13:46:05 +0800 2018,4301905105186970,"""澎湃新闻就这一篇评论最为公道，乘客我们不能选择，但司机可以选择，那怕乘客是恐怖分子，司机都应该以大局（车上的乘客生命安全）着想。""",44
Fri Nov 02 13:46:05 +0800 2018,4301905104255755,"""一个驾驶室防护就解决了""",11
Fri Nov 02 13:45:36 +0800 2018,4301904987044991,"""回复@云风飞扬III:对，如果政府再继续对这些无赖和稀泥，这种悲剧还会再发生！""",11
Fri Nov 02 13:45:13 +0800 2018,4301904890714668,"""回复@身边法律事:看最后的处理意见，就是不负责，和稀泥。如果司机活着，岂不冤死""",31
Fri Nov 02 13:45:11 +0800 2018,4301904878119310,"""不是司机要受教育，而是乘客要受教育，乘客殴打行驶车辆中的客车驾驶员，要判刑，要判刑!这不是简单的打人问题，而是严重危害公众安全。往更重的说，可以认定恐怖袭击。""",12
Fri Nov 02 13:45:06 +0800 2018,4301904852294708,"""警察来了只会和稀泥""",31
Fri Nov 02 13:44:29 +0800 2018,4301904702587967,"""回复@斯泰尔斯哟:上头了，火气太大，害的一车人赔上性命。双方都有责任，乘客最无辜。""",11
Fri Nov 02 13:44:01 +0800 2018,4301904589045755,"""全国各地的公车司机位置都得改改了，要加强防护下！""",35
Fri Nov 02 13:43:49 +0800 2018,4301904534264169,"""公交车有保险的吧？ 那位乘客如果名下财产不够，就可以抄家了""",32
Fri Nov 02 13:43:48 +0800 2018,4301904530258803,"""回复@蜀黍Charlie:司机是最无辜的人。开车，被人骂，还没有人帮着解释劝架，被人打，还不允许还手，还要冷静刹车或是咋样，对司机能不能不要同时有这么多要求。被人打，而且是打脖子，是致命的，当然第一反应是要保护自己的生命权，有了生命，才能刹车或开车。""",31
Fri Nov 02 13:42:33 +0800 2018,4301904215352548,"""回复@增辉:你这种人欠的就是一觉飞踹""",81
Fri Nov 02 13:42:22 +0800 2018,4301904173221373,"""故事有另一个版本，司机故意打左方向""",44
Fri Nov 02 13:42:21 +0800 2018,4301904164955019,"""为什么不是保护司机安全""",50
Fri Nov 02 13:42:13 +0800 2018,4301904131846673,"""依这种做法，怕要做的雕像会太多；想到新疆克拉玛依市那325条生命//@清晨-SunP:轰动全国的公交车坠江事故，真相终于调查清楚了。就因为错过下车站，而与司机发生争执，导致一车十五人陪葬。我觉得应该把这个女的做成雕像，把她的事迹写在雕像上，跪立在每个公交车站旁，让每一个准备坐车的人，都看一看""",35
Fri Nov 02 13:42:11 +0800 2018,4301904123615920,"""让人心碎的视频。[伤心][伤心][伤心]""",100
Fri Nov 02 13:42:03 +0800 2018,4301904089229217,"""#大学生骑行吧[超话]#""",42
Fri Nov 02 13:41:51 +0800 2018,4301904039091846,"""为什么司机不踩刹车呢[哼][哼]""",14
Fri Nov 02 13:41:38 +0800 2018,4301903984495292,"""直接按危害公共安全罪严惩几个才是止住这种歪风邪气！""",13
Fri Nov 02 13:41:27 +0800 2018,4301903938937758,"""不痛不痒的谴责。呵呵""",44
Fri Nov 02 13:41:26 +0800 2018,4301903934098001,"""回复@蜀黍Charlie:司机猛打方向盘是报复行为，太上头了。完全不计后果，双方都有责任。乘客最无辜。""",11
Fri Nov 02 13:40:52 +0800 2018,4301903791700657,"""回复@Dec_long:谁告诉你打了两站呢，官方吗""",43
Fri Nov 02 13:40:51 +0800 2018,4301903787763292,"""还是把司机驾驶时进行合理的隔离""",61
Fri Nov 02 13:39:57 +0800 2018,4301903556344711,"""#公益[超话]##南京身边事# 人心不古如何来彰显公德？现在还有人“敢”申张正气、主持公道、参与公益？线上风好、线下群讯…早己偃旗息鼓，我就是十几年如一日好管闲事、热衷为公共氛围奉献“无事佬”这里桂冠“知名公益博主”@独行真谏  即使依法行事也让你“真事隐、假语存”这样氛围又如何彰显公德？""",32
Fri Nov 02 13:39:19 +0800 2018,4301903401653382,"""无畏泼妇 不知道哪里来的傲慢？[挖鼻]上兵伐谋，停车罢工堵路……""",100
Fri Nov 02 13:38:56 +0800 2018,4301903305803242,"""回复@frankky9:完全赞同，那女的直接打司机的脖子，是致命的。。。人都有自卫应激反应的，自己生命受到威胁，当然是要直接反击，难道等着被打死？打死，车子也是开出去撞人的，也有危险的。""",31
Fri Nov 02 13:38:45 +0800 2018,4301903254517467,"""回复@涛声依旧V8h2:寻衅滋事罪用在这里才合适。""",100
Fri Nov 02 13:37:49 +0800 2018,4301903028394259,"""敬畏生命，公德可贵，我是键盘侠""",31
Fri Nov 02 13:37:16 +0800 2018,4301902881098774,"""这就是为什么在飞机闹事是重罪，宁愿迫停也不起飞或继续飞。谁也不懂啥时候会害死全部乘客""",400
Fri Nov 02 13:37:13 +0800 2018,4301902877464658,"""司机很淡定地向左打了一圈方向盘，从对象车的记录仪视频看，公交车在左红轿车在右不存在避让，应该是司机的恶意报复""",41
Fri Nov 02 13:36:48 +0800 2018,4301902768277052,"""回复@清晨-SunP:如果公交车没停车 那就是司机的错。如果公交车到站停车了，那就是这个女的问题了。""",34
Fri Nov 02 13:36:47 +0800 2018,4301902764078071,"""回复@-SeeYouAgain-:你说错了，你开过车没有？右手和乘客争执，左手紧张的时候只会把方向盘朝自己一侧用力。我怀疑你没有左手吧？""",31
Fri Nov 02 13:36:45 +0800 2018,4301902755533316,"""回复@成都市精神内科副主任:在大桥上突然刹车，也很危险啊。当时车上有一个人站起来，踹那女人一脚，现在可能一车的人都活着。 前几年还有人拿着汽油桶在车上点燃…… 每个人都是祸福相关的，也许管的不是闲事，而是我们自己的安危。""",31
Fri Nov 02 13:36:28 +0800 2018,4301902688336754,"""回复@邯郸小学生日记:女乘客没有抢方向盘，但是在一旁说了不该说的屁话。司机只顾着回头吵架，推搡女乘客。却忽视了前方的道路。你还觉得司机无辜么？他在事故中有责任的。""",100
Fri Nov 02 13:36:29 +0800 2018,4301902683899911,"""都是心浮气躁惹得祸，关键现在这个社会心理建设匮乏，关键这样的人越来越多，你说气人不？""",44
Fri Nov 02 13:36:24 +0800 2018,4301902672054751,"""女乘客固然可恨，但司机也罪不可赦，甚至更加恶劣！""",44
Fri Nov 02 13:36:02 +0800 2018,4301902575911173,"""而且公交车没有安全带""",44
Fri Nov 02 13:35:40 +0800 2018,4301902483215090,"""1.如果公交临时停车，保证不太影响其他车辆的情况下，刘某下了车，还会不会有悲剧; 2.刘某干扰司机被劝导或者制止; 3.司机被打，没有回击，结果至少有2种，冲突升级和冲突降级。 4.公交公司没有以罚代管，人性化，司机没有顾虑，灵活处理，停车下客，找车转送等等手段，刘某还会跟司机过不去吗?""",21
Fri Nov 02 13:35:34 +0800 2018,4301902453396695,"""回复@adiosbb:恐怖分子是危害公共安全罪里的，可以的""",31
Fri Nov 02 13:34:29 +0800 2018,4301902185290843,"""回复@风雨同舟SUVsuv:小红车在对方车道距离他很远呀，而且要是想躲左边的车应该往右边打轮儿呢[委屈]""",12
Fri Nov 02 13:34:12 +0800 2018,4301902113743812,"""回复@脱水鳄鱼07944:确实""",35
Fri Nov 02 13:33:48 +0800 2018,4301902013210433,"""一波将公交车更换为带隔离驾驶位的行动已经在路上了""",100
Fri Nov 02 13:33:27 +0800 2018,4301901925431540,"""回复@宅腐的汉子酱:据说一对夫妻受不了吵架，在上桥前一站下了车。具体的等官宣。""",100
Fri Nov 02 13:33:27 +0800 2018,4301901920533091,"""你光规范司机没有用""",400
Fri Nov 02 13:33:21 +0800 2018,4301901899818084,"""换做古代，估计得诛九族！！！！！""",22
Fri Nov 02 13:32:52 +0800 2018,4301901778439118,"""回复@如愿的盛世:你打麻将的时候有人在你后面吵你估计你也输得内裤没了，想想别人开车被严重影响下""",45
Fri Nov 02 13:32:30 +0800 2018,4301901686716078,"""回复@瑞瑞爸比yu:我也会，但是大多数人不会，必然""",21
Fri Nov 02 13:31:52 +0800 2018,4301901526967661,"""回复@安得广厦千万间zZ:可怜了孩子。。。但那些成年人为什么不阻止吵架的乘客呢，有人阻止悲剧就不会发生。。。""",44
Fri Nov 02 13:31:52 +0800 2018,4301901526543375,"""女乘客并没有拉方向盘，在争吵打斗过程中方向盘也基本没有偏转方向，但司机却突然向左猛打方向，仔细观察打了有一圈，导致冲入对向车道冲出大桥坠桥！女乘客不对，但司机的问题更大（该司机日常可能就是那种在家在外都受气的类型，诱因致使突然爆发）建议追责司机和其家属，还遇难者家属公道！""",11
Fri Nov 02 13:31:48 +0800 2018,4301901514364595,"""以后严格立法惩治这类二百五乘客吧，自私自利 害人害己""",100
Fri Nov 02 13:31:26 +0800 2018,4301901422233293,"""回复@王大赌棍:👍""",42
Fri Nov 02 13:31:18 +0800 2018,4301901384009130,"""回复@云风飞扬III:@新京报  @财新网   國家應該從立法層面來保護公交車駕駛員在駕駛車輛時免遭騷擾和侵害，嚴厲懲處侮辱、謾駡、毆打正在駕駛車輛公交車駕駛員的犯罪行為（強調：不是違法，是犯罪，是危害公共安全的犯罪行為）！""",35
Fri Nov 02 13:30:03 +0800 2018,4301901073903609,"""回复@Lai-Allan:你说他们无辜?女乘客和司机互殴的时候，没有一个人出来拉架劝解……""",62
Fri Nov 02 13:29:37 +0800 2018,4301900960341710,"""一车人开往生命总站到。""",44
Fri Nov 02 13:29:34 +0800 2018,4301900948236188,"""回复@北極輝:按恐怖分子处理最好""",42
Fri Nov 02 13:29:27 +0800 2018,4301900919281729,"""那个先动手打司机女乘客才是导火线，希望指责司机你们良心在哪，可怜司机和无辜乘客，心痛""",100
Fri Nov 02 13:28:42 +0800 2018,4301900730133208,"""回复@UncleWang_BushyBeard:你这纯粹的给公交公司洗地""",13
Fri Nov 02 13:28:43 +0800 2018,4301900725259522,"""回复@_夭夭_tao:很多的""",32
Fri Nov 02 13:28:25 +0800 2018,4301900659188404,"""脑子是个好东西，说什么司机故意打方向盘斗气故意的，你是沙雕么，你会因为一个老娘们跟你吵几句开车和他同归于尽？还突然做的决定？顶破了天停车下来打她一顿。都有孩子有家庭会为这点逼事开车同归？还为什么往左打方向盘，对向车道一个红色小轿车，公交车那时候已经偏左眼眼看就撞上了本能反应ok？""",100
Fri Nov 02 13:28:09 +0800 2018,4301900596194610,"""回复@蓝调95203:单纯问一下，他们不是因为坐过站才吵起来的么，要是有人提前下车为什么这个女的不下""",100
Fri Nov 02 13:28:01 +0800 2018,4301900558224519,"""这评论比央视是好！""",100
Fri Nov 02 13:27:46 +0800 2018,4301900495112583,"""回复@老爷们吾爱吾家:司机最后说：你嘛卖批，来嘛！司机那个口气就有不怕把事情搞大的意思！""",50
Fri Nov 02 13:27:12 +0800 2018,4301900352573090,"""回复@蜀黍Charlie:为什么不是？他才是事故的行凶者。猛打方向跟不减速，这就单纯的报复行为。""",13
Fri Nov 02 13:27:08 +0800 2018,4301900335775152,"""这视频可以明显看出驾驶员和乘客扭打完之后，猛打方向盘向左偏离，心态是什么样子就只能他自己知道，有没有涉嫌故意，这个掌握黑匣子的部门最清楚了！""",31
Fri Nov 02 13:26:46 +0800 2018,4301900243380491,"""回复@小吕观天下:我只站在13名无辜的乘客的立场，他们很冤，那么多家庭，司机本来可以处理的更好""",35
Fri Nov 02 13:26:42 +0800 2018,4301900227176627,"""回复@张康你过来一下:你真行啊，泼妇杀人让你说成替天行道""",51
Fri Nov 02 13:26:05 +0800 2018,4301900071271724,"""不管谁对谁错，一车子人都已经遇难了，再多的怨言也无济于事了。希望以后这样的事，双方还是理智一点吧！""",42
Fri Nov 02 13:25:31 +0800 2018,4301899928919487,"""重庆幼儿园事件后续请哪位出来说说""",100
Fri Nov 02 13:25:26 +0800 2018,4301899907918631,"""这真是最大的悲剧""",11
Fri Nov 02 13:25:18 +0800 2018,4301899874318938,"""打不还手，骂不还口[黑线]""",100
Fri Nov 02 13:24:23 +0800 2018,4301899644262637,"""回复@安得广厦千万间zZ:不是吧。。""",44
Fri Nov 02 13:24:06 +0800 2018,4301899572872086,"""回复@蜀黍Charlie:司机最后说：你嘛卖批，来嘛！关键这个“来嘛”的口气的意思，就有不怕把事情搞大，所以司机主观想闯向对面车道，或者他就想把车开下桥""",50
Fri Nov 02 13:23:58 +0800 2018,4301899543473978,"""回复@假装是只颠喵:你说错了，你开过车没有，驾驶员本能是向右打，而不是向左！我怀疑你是你左撇子吧！""",400
Fri Nov 02 13:23:42 +0800 2018,4301899472086062,"""回复@不靠谱的混蛋:你知道车上人没人制止？非得来个擒拿手按住了才叫制止吗？司机的报复跟女乘客的不依不饶是主要的。难道一个轮船翻了还要去怪那只飞舞的蝴蝶？（蝴蝶效应）""",13
Fri Nov 02 13:23:43 +0800 2018,4301899471241729,"""回复@张康你过来一下:不满就去投诉，自己坐过站的还他妈有理了[doge]""",31
Fri Nov 02 13:23:29 +0800 2018,4301899417753993,"""回复@如愿的盛世:对，刹车都没踩""",42
Fri Nov 02 13:23:18 +0800 2018,4301899370860114,"""回复@不靠谱的混蛋:是啊，事关自己安危都不挺身而出，死的不冤。但凡有人阻止，悲剧都不会发生""",44
Fri Nov 02 13:23:13 +0800 2018,4301899350120742,"""回复@如愿的盛世:真的不明白视频就是这样的，为什么提出这个观点的都会被骂""",42
Fri Nov 02 13:23:01 +0800 2018,4301899299722474,"""危害公众安全当以重罪""",31
Fri Nov 02 13:22:36 +0800 2018,4301899194532068,"""今天看到这则新闻，感触良多。重庆这个事，希望所有乘客接受教训，如果有乘客跟司机冲突，你必须冲上去制止，否则你就是陪葬者。闹事乘客自不用说，司机也有责任，处理这种事情安全第一位，理性第一位，责任大于天。[思考]""",100
Fri Nov 02 13:22:32 +0800 2018,4301899178208002,"""回复@Lai-Allan:司机本来就奔着不想活开下桥的。这点真的洗不了""",44
Fri Nov 02 13:22:24 +0800 2018,4301899144130421,"""为什么这么多观点说乘客抢了方向盘，视频清清楚楚啊""",42
Fri Nov 02 13:22:09 +0800 2018,4301899085785609,"""应该像北京的公交一样每车配一个安全员""",41
Fri Nov 02 13:21:37 +0800 2018,4301898947500743,"""像这种涉及公共安全的设备设施，是否可以设置安全自动应急装置，被动式的，当相关技术参数发生异常时，采取自动紧急措施，保护安全。""",100
Fri Nov 02 13:21:18 +0800 2018,4301898867652012,"""回复@温温LHH:让那帮人坐着让人打吧""",32
Fri Nov 02 13:21:15 +0800 2018,4301898855050255,"""一个急刹车就解决，还让她打。""",37
Fri Nov 02 13:20:53 +0800 2018,4301898762981967,"""回复@温温LHH:还有很多小学生""",32
Fri Nov 02 13:20:34 +0800 2018,4301898683452400,"""回复@温温LHH:澎湃下面很多网特，间谍""",32
Fri Nov 02 13:20:28 +0800 2018,4301898657711722,"""回复@三流丶猫童:那就往河里开？你什么逻辑？下回你在桥上遇见突发事件，你不停车，你也直接往河里开？""",400
Fri Nov 02 13:20:16 +0800 2018,4301898607311210,"""回复@Lai-Allan:要停车也需要时间的，被这么猛打头部一定很痛的反击也是本能反应，只是没想到在桥上容不得一个闪失[黑线]""",31
Fri Nov 02 13:20:07 +0800 2018,4301898569508073,"""在大桥上停车？你不是想说停下车让人家下来就万事大吉吧""",37
Fri Nov 02 13:20:00 +0800 2018,4301898541119183,"""回复@蓝裙子妹妹:你有脑子吗？重点不是在报警，而是把车停下！！停下！！！而不是往江里冲！""",31
Fri Nov 02 13:20:00 +0800 2018,4301898540370387,"""重庆公交车对于公众的教训！很多事情都这样，看似与己无关就漠不关心，等到这时候就晚了。这就是社会整体冷漠做壁上观的代价！""",14
Fri Nov 02 13:19:01 +0800 2018,4301898292824585,"""司机的操作还是有很多疑问，谁能深入分析分析？""",13
Fri Nov 02 13:18:33 +0800 2018,4301898170795914,"""那女的很可恨 但感觉司机也怒了……""",33
Fri Nov 02 13:18:04 +0800 2018,4301898057880280,"""太惨了。""",11
Fri Nov 02 13:18:03 +0800 2018,4301898049711471,"""回复@Zz无敌可爱:是哦。""",100
Fri Nov 02 13:17:43 +0800 2018,4301897966119686,"""回复@蓝裙子妹妹:是的 再加上和稀泥的 算了算了 绝逼又是女乘客全身而退""",42
Fri Nov 02 13:17:27 +0800 2018,4301897898930769,"""回复@涛声依旧V8h2:该严不严""",11
Fri Nov 02 13:17:01 +0800 2018,4301897790197921,"""回复@苡默筱琰:鲁迅先生《药》《坟 . 娜拉走后怎样》……你可以了解下。""",100
Fri Nov 02 13:16:49 +0800 2018,4301897739438200,"""说那么多没用的，就事论事，首先就是这个女乘客的问题，不应该与司机争执，司机是次要责任应该停车报警""",44
Fri Nov 02 13:16:48 +0800 2018,4301897735407927,"""司机位置应安装防护栏""",43
Fri Nov 02 13:16:43 +0800 2018,4301897714867838,"""回复@小吕观天下:呵呵，看你这出口成脏的，就知道是个专业喷子了吧？对于你这种人我无话可说！""",13
Fri Nov 02 13:16:33 +0800 2018,4301897667553991,"""核心问题可能出在立法上！暴力攻击驾驶员和抢夺方向盘这种举动，如果仅以后果来确定是否入罪确实是立法的重大漏洞，有可能鼓励驾驶员扩大事态后果。该车驾驶员毫无必要地向左猛打一圈盘子，而且根本没有刹车动作，不排除有刻意造成车祸扩大事态以致对方于罪，但演过了头而害人害己的嫌疑。""",50
Fri Nov 02 13:16:27 +0800 2018,4301897647482566,"""回复@追逐的狂热:另一个视频，司机猛打转向时，前方宽敞无车，变向后才撞上红车，然后没躲避直接冲下桥……所以，司机因躲避车而转向说法不成立!""",31
Fri Nov 02 13:16:25 +0800 2018,4301897639273677,"""怀疑左打方向盘的人是没开过车还是没对面没碰过车！！！[挖鼻]""",44
Fri Nov 02 13:16:25 +0800 2018,4301897638395762,"""不同意，如果按照这样分析，这就是恐怖分子，这是断章取义，这里只是一个愤怒不甘的过激反应。如果以一个瞬间的想法定性一个人，那你将失去全世界。""",21
Fri Nov 02 13:15:30 +0800 2018,4301897408369263,"""回复@小吕观天下:不停车，加速吗？""",41
Fri Nov 02 13:15:27 +0800 2018,4301897395306839,"""我规规矩矩开车，有人偷放汽油，有人暴力滋事……风险是多方面的，管控也应该是多管齐下，光管住司机未免过偏。除了加强对司机的培训，还应该对司机的驾驶位置进行安全防护，还要从法律角度去规范司乘人员行为，同时加强文明乘车安全，奖励见义勇为。""",100
Fri Nov 02 13:14:53 +0800 2018,4301897252498743,"""回复@如愿的盛世:就你特么的最聪明，这都知道？""",32
Fri Nov 02 13:14:05 +0800 2018,4301897055346766,"""虽然司机可能有的地方不对，但是我丝毫不想怪司机。""",37
Fri Nov 02 13:13:58 +0800 2018,4301897022273823,"""回复@Lai-Allan:你根本没有站在司机的立场说说话，那种情况下，你能做到跟你说的一样清醒理性?""",62
Fri Nov 02 13:13:50 +0800 2018,4301896988924693,"""相较于道德，法律的作用更应该彰显。""",37
Fri Nov 02 13:13:39 +0800 2018,4301896942727204,"""回复@三流丶猫童:堵一下，追尾一下，造成的后果也比这个能接受一些吧…""",43
Fri Nov 02 13:13:40 +0800 2018,4301896941923766,"""看到了事情发生时真实的一幕，觉得胆战心惊！面对这样突如其来的场面，确实是考验司机心理素质的。为那些无辜的生命默哀！这个浮躁的时代，似乎每一个人都在内心积蓄着暴戾之气，随时可以毁了自己，毁了家庭，毁了这个社会上无辜的他人。""",36
Fri Nov 02 13:13:37 +0800 2018,4301896929336976,"""回复@蓝调95203:鲁迅没有，这锅不背[怒]""",400
Fri Nov 02 13:13:37 +0800 2018,4301896929336568,"""泼妇为自己的愚蠢付出代价、司机为自己的冲动付出代价、乘客为自己的冷漠付出代价、只是这代价太大了……！""",100
Fri Nov 02 13:13:19 +0800 2018,4301896858727435,"""那些说司机不是的，请拿你的手机在大马路上对一个陌生人毫无预警的拍，看看对方怎么对你，你就会体谅司机，反正被打的不是你们。一个司机，专职就是开车，考验的是他的驾驶技术，如果上岗前还要考核一下抗不抗揍，那你们都走着吧，没人干司机了，太他妈危险了，随时有不受控制的生命危险""",11
Fri Nov 02 13:12:51 +0800 2018,4301896741408748,"""正解，是打击恶人的正确方式""",44
Fri Nov 02 13:12:03 +0800 2018,4301896539779970,"""真不可思议呀，一点点鸡毛蒜皮的事酿成这么惨重的伤亡""",41
Fri Nov 02 13:11:38 +0800 2018,4301896438950602,"""我在想，接下来那女泼妇乘客的家属该搬家了吧，否则不会被左邻右舍指指点点骂死么？惨惨惨......""",44
Fri Nov 02 13:11:16 +0800 2018,4301896342630630,"""回复@touristui6721766351:你看另一个视频，是先打弯后一会才撞上的""",51
Fri Nov 02 13:11:07 +0800 2018,4301896305164081,"""回复@追逐的狂热:一个开大巴的经验丰富的司机，已经这么偏了还要左打方向去避让小车，根本不合理，而且冲上匝道都没刹车""",100
Fri Nov 02 13:11:04 +0800 2018,4301896292494352,"""前车之鉴，下次有这种人该判刑了""",11
Fri Nov 02 13:10:41 +0800 2018,4301896196429073,"""全国各地那么多乘客抢夺司机方向盘的，大部分是没有造成大的事故，都不了了之，个别治安拘留，没有一个判刑来警示后人的""",11
Fri Nov 02 13:09:48 +0800 2018,4301895977735912,"""回复@大和下:比一车人都死了强""",100
Fri Nov 02 13:09:46 +0800 2018,4301895965505855,"""回复@不靠谱的混蛋:你这就是典型的出了事怪受害者的心态。""",13
Fri Nov 02 13:09:44 +0800 2018,4301895957304301,"""回复@如愿的盛世:看着像，""",13
Fri Nov 02 13:09:37 +0800 2018,4301895927295624,"""回复@瑞瑞爸比yu:不管麻木的根源，就喷别人麻木，和耍流氓有啥区别？为啥麻木？因为管事了会被抓被讹，扶老头的，开车追逃逸的，哪个不是见义勇为不麻木被讹的？""",21
Fri Nov 02 13:09:28 +0800 2018,4301895889796441,"""为什么要大幅度打方向盘呢？""",37
Fri Nov 02 13:09:13 +0800 2018,4301895827370428,"""回复@沈阳新房经纪人小刘:我告诉你，一旦威胁到司机开车，我会！""",100
Fri Nov 02 13:09:10 +0800 2018,4301895814569273,"""回复@shrsky-live:你拿个手机毫无预警的对你爸爸脑门子拍，看看他老人家的反应，你就不会怪司机""",11
Fri Nov 02 13:09:03 +0800 2018,4301895785372763,"""我去😓，居然这样！！！""",11
Fri Nov 02 13:08:58 +0800 2018,4301895759199314,"""回复@蓝调95203:出手就是互殴!……双方拘留罚款""",31
Fri Nov 02 13:08:44 +0800 2018,4301895704934378,"""回复@DongTennis:你没见过不允许停车的地方，有公交车司机给认识的人停车吗？""",11
Fri Nov 02 13:08:36 +0800 2018,4301895671642926,"""在过江大桥上能随时停车吗？突然停车，后面的车撞上来怎么办？还是给司机座位安装防护栏吧！""",11
Fri Nov 02 13:08:31 +0800 2018,4301895650331596,"""回复@十氿雪:我觉得他再忍就被那个破女的打死了， (我不是说司机做的对，只能怪这世界上怎么会这种破女的。)""",37
Fri Nov 02 13:08:30 +0800 2018,4301895641713775,"""在日本，司机是不被允许与乘客说话的，就算问路都不行""",51
Fri Nov 02 13:08:26 +0800 2018,4301895634233810,"""回复@小吕观天下:为什么要慢慢停车？急刹也可以啊，不能急打方向不刹车，再结实的护栏也拦不住，停下车，乘客也一样被定罪，司机真的被手机击打后开斗气车了，想造成更严重点的后果，让刘某承担，可惜护栏没有答应。""",35
Fri Nov 02 13:08:24 +0800 2018,4301895621241307,"""回复@张康你过来一下:拜托您消化一下我评论的话再回我可以嘛，不然容易凸显智力水平""",21
Fri Nov 02 13:08:17 +0800 2018,4301895587165510,"""回复@沈阳新房经纪人小刘:正是这种近乎麻木的心态害死了这一车人！""",100
Fri Nov 02 13:08:14 +0800 2018,4301895579640018,"""这个司机左打方向后更本没有回方向的意思，虽然事起不是他，但他的责任更重。""",53
Fri Nov 02 13:08:00 +0800 2018,4301895520696601,"""回复@周而腹食:是我，我就打回来，""",11
Fri Nov 02 13:07:37 +0800 2018,4301895424088584,"""回复@追逐的狂热:打了方向盘之后才撞上的红车好么…有没有看视频啊？警方通报也是这么说的好吧[摊手]""",400
Fri Nov 02 13:07:27 +0800 2018,4301895382711266,"""低工资，高强度，长时间劳作。你以为公交司机是牲口?。没有合理的劳动回报，没有科学的培训和心理疏导，你还要要求司机怎样?""",41
Fri Nov 02 13:07:19 +0800 2018,4301895348425693,"""回复@touristui6721766351:请你仔细听听再来评论，我带毛线的节奏啊""",42
Fri Nov 02 13:07:05 +0800 2018,4301895289615975,"""我觉得不是“规范司机”的事。而是大众觉得违法成本太低了！耍无赖，闹酒疯，扰乱公共场所次序也没什么事吗？所以都是和谐社会惯的！杀一儆百，你看谁还敢！？""",34
Fri Nov 02 13:06:59 +0800 2018,4301895264740094,"""对打司机抢方向盘的，司机可使用电棍不为过吧""",100
Fri Nov 02 13:06:51 +0800 2018,4301895231135957,"""回复@小复关:麻烦您理解一下我说的内容之后再评论，可以吗？轻易说话容易暴露智商，谢谢""",31
Fri Nov 02 13:06:50 +0800 2018,4301895226936188,"""回复@清晨-SunP:有脑子的人都知道大是大非面前这个女的责任不大""",61
Fri Nov 02 13:06:45 +0800 2018,4301895206375494,"""回复@云风飞扬III:不急，该来的总会来，慢慢净化吧，只是痛惜无辜乘客了""",35
Fri Nov 02 13:06:38 +0800 2018,4301895181172409,"""回复@DRAGONFLY宝贝:能不杠不？回去问问逆身边的人，要是他们，怎么办，在没重庆这事前，会不会制止。我不坐公交我也碰不着，大环境难道不是这样？""",21
Fri Nov 02 13:06:32 +0800 2018,4301895151774776,"""我觉得很有必要@805 司机大哥""",400
Fri Nov 02 13:06:15 +0800 2018,4301895080377947,"""回复@大和下:对啊，所以你还是针对重庆个案啊，重庆这事司机和乘客都应该算犯罪。但是我们现在所在的这条微博大部分是司机停车了或撞树了，司机按照流程了，可还是造成事故，这种情况下如何立法约束先犯罪的人。""",31
Fri Nov 02 13:05:52 +0800 2018,4301894983849740,"""但是司机本来可以避免灾难的发生""",100
Fri Nov 02 13:05:44 +0800 2018,4301894950245808,"""回复@周桃伍ALEX:换个角度，出租车司机和乘客发生矛盾，可以开车去撞路人吗？""",11
Fri Nov 02 13:05:42 +0800 2018,4301894941846223,"""回复@尼古拉斯-泰日天:说躲避轿车的真是没脑子…看视频公交车大拐之前两侧都没有车好吧…躲避你🐴啊""",400
Fri Nov 02 13:05:41 +0800 2018,4301894941508170,"""公交司机位可以隔离，也可以给司机配辣椒水""",44
Fri Nov 02 13:05:19 +0800 2018,4301894840549042,"""回复@沈阳新房经纪人小刘:少管“闲事”？遗憾的是，这恰恰不是“闲事”，这是关乎你性命的天大的事～""",45
Fri Nov 02 13:05:17 +0800 2018,4301894836764456,"""对呀，很多无耻乘客就是这心里，我是弱势我怕谁？出事了，不敢处罚违法行人，而是警察和稀泥让公交公司买单赔钱，罚司机。""",44
Fri Nov 02 13:05:15 +0800 2018,4301894828361528,"""回复@猫猫的小新:你在哪听到他说他要飞下去了？不要乱带节奏，视频中 他说的是，你在打我，我就 ，然后车已经偏离失控了，最后坠毁了，人家说也应该说，你在打我，我就不客气了。""",100
Fri Nov 02 13:05:10 +0800 2018,4301894807696343,"""错了，最应该做的是重刑以对。""",61
Fri Nov 02 13:05:02 +0800 2018,4301894774535760,"""回复@Lai-Allan:很明显司机和乘客都有错""",100
Fri Nov 02 13:04:52 +0800 2018,4301894732088177,"""这当属旁观者清、马后炮的范畴吧。事发突然，任谁被拿着手机梆梆砸头，下意识不防卫甚至反抗？司机肯定也没有预料到后果的严重性。""",13
Fri Nov 02 13:04:43 +0800 2018,4301894694286126,"""回复@不靠谱的混蛋:你这种人很恶心""",44
Fri Nov 02 13:04:28 +0800 2018,4301894632003159,"""事实真相……哎……""",100
Fri Nov 02 13:04:08 +0800 2018,4301894551980694,"""有攻击正在开车的司机的行为的乘客，列入罪犯档案，禁止10年以上乘坐公共交通工具。""",45
Fri Nov 02 13:03:39 +0800 2018,4301894421214146,"""回复@邀明月让回忆皎洁-:本能反应，因为快掉下去之前先撞到了红色小轿车，所以肯定会避让那时候让谁也不知道怎么办了""",100
Fri Nov 02 13:03:37 +0800 2018,4301894417583010,"""重庆万州公交车坠江黑匣子曝光，乘客和司机吵架，乘客抢夺方向盘导致给司机耳光，恰在大桥上司机分心，发生悲剧谁的错?乘客的态度简直不可理喻，乘客、司机冷静点多好!""",51
Fri Nov 02 13:03:30 +0800 2018,4301894388179608,"""我们为了节省成本都干了些什么?_?撤掉售票员，撤掉车上安全员。一车啥事都找司机。""",12
Fri Nov 02 13:03:26 +0800 2018,4301894371649045,"""又和有关部门一样，和稀泥各打五十大板了，要那样说的话，乘客有责任没？预知到争吵能危害安全，怎么不上前制止？修桥的有责任没？为何不修三米高水泥墙？红车主有责任没？为何不提前停车？都是扯淡的事。你坐过站了，你引起的事件，责任推给别人？你以为你是范冰冰啊，首犯不罚啊？""",37
Fri Nov 02 13:03:20 +0800 2018,4301894346450180,"""以前这些事又不是没有发生过，哪个人给交通事故负责过，这次刚好是在桥上，后果才这么严重的，要不还是公交车和红色小车的交通事故""",61
Fri Nov 02 13:03:18 +0800 2018,4301894337690747,"""也是对它们自己的报复，万劫不复！""",50
Fri Nov 02 13:03:15 +0800 2018,4301894325089528,"""回复@释空的师弟释然:正解，司机完全没有到不能安全刹车，停车处理的地步，急打方向，没有任何刹车，非常多司机在高速路上突发重病，或者被重击瞬间倒下都下意识停车，挽救一车人生命的案例，司机真的错过了挽救一车人和他自己生命的时机，而且永远没有改正的机会了""",35
Fri Nov 02 13:03:05 +0800 2018,4301894283450351,"""迷之左转真没看懂""",23
Fri Nov 02 13:03:03 +0800 2018,4301894274682330,"""要立法，明确在这样的情况下，司机和其他乘客怎么做才是可以合法保护自身安全的。""",31
Fri Nov 02 13:02:59 +0800 2018,4301894258739058,"""停车报警，警察来，批评教育，完。长期以来的和稀泥执法才是这种事发生的根本原因""",41
Fri Nov 02 13:02:54 +0800 2018,4301894237226417,"""回复@蓝调95203:那这个人真幸运""",44
Fri Nov 02 13:02:43 +0800 2018,4301894186237733,"""@私奔Sir""",31
Fri Nov 02 13:02:34 +0800 2018,4301894153127352,"""为什么不是制度上让人不敢去干扰司机，抢夺方向盘，反而要求司机应该做什么什么，不抓源头""",37
Fri Nov 02 13:02:33 +0800 2018,4301894149540354,"""回复@绿帽:一个老鼠害一锅汤！问题的症结在于老鼠🐭在祸害的时候，为什么没有人跳出来遏制事态的发展？难道是事不关己高高挂起？所以没有无辜者，只有陪葬着！[挖鼻]""",100
Fri Nov 02 13:02:08 +0800 2018,4301894044574638,"""女乘客是公交车坠江的主因，她那凶狠的两巴掌把一车人扇进了阴曹地府！""",100
Fri Nov 02 13:01:59 +0800 2018,4301894006775686,"""回复@云风飞扬III:这个时代，政府不负责，只能自己对自己负责。""",34
Fri Nov 02 13:01:58 +0800 2018,4301894006771111,"""回复@邯郸小学生日记:那是哈比""",44
Fri Nov 02 13:01:58 +0800 2018,4301894001904326,"""回复@北極輝:这次事件，犯罪者官方定义已经很准确，二人都是犯罪者!我并不是只针对司机，而是是这才是正常流程，停车后再对女乘客严格处罚，但是处置过程司机责任更大，他有职业安全驾驶要求!""",31
Fri Nov 02 13:01:56 +0800 2018,4301893997701983,"""回复@斯泰尔斯哟:你会被喷成筛子的兄弟，别问我怎么知道的，挺住""",100
Fri Nov 02 13:01:42 +0800 2018,4301893939154199,"""然后，再由执法部门“严厉惩治教育”。如果，当时，双方的情绪已经不受控制，那也必须先停车，马上报警。总之，牵涉“执法”的事，最好，让具备执法权力的人介入，而不是让普通乘客参与。""",44
Fri Nov 02 13:01:42 +0800 2018,4301893935374816,"""我想开车的师傅更应该知道危害性在什么地方。别人对他的人身攻击只是一个人，你要还手就变成了一车人。""",43
Fri Nov 02 13:01:40 +0800 2018,4301893930850721,"""乘客干扰司机驾驶工作算危害公共安全入罪吧。司机有过错，乘客应通过投诉解决，不得当场打骂司机。""",35
Fri Nov 02 13:01:29 +0800 2018,4301893884546801,"""公交司机强行驾车超速并与乘车开打失控，坠桥毁了一车人要零容忍和严惩！""",41
Fri Nov 02 13:01:28 +0800 2018,4301893877069079,"""如果不出这档子事报警会有用？停到边上报警也不会对这样的人有什么惩罚""",11
Fri Nov 02 13:01:26 +0800 2018,4301893868105492,"""发生这样的事，舆论导向的作用很大。必须分清矛盾双方，哪一方为矛盾的主要方面，哪一方为矛盾的次要方面。我认为，女乘客动手打司机，是这起惨剧酿成的主要方面。换句话说，如果车辆只是侧翻，大家都还活着，那么，必须追究女乘客的主要的刑事责任。[允悲]""",44
Fri Nov 02 13:01:19 +0800 2018,4301893842538445,"""回复@如愿的盛世:你这种键盘侠开过车吗？前方异常路况，几乎所有人本能都是向左打，不信你去试试？大车的方向盘回正也不是小车那么容易，司机过错不过20%，看问题抓关键不行？如果这也是司机的主要责任，那是不是只要不出重大事故，全国这么多公交车一车乘客谁都可以和司机打打闹闹？""",44
Fri Nov 02 13:01:12 +0800 2018,4301893813396307,"""如果你是车上另外13名乘客，有三个选择：         选择一，遇见这种事必须挺身而出，及时谴责不守规则者，制止事态发展。（化解危机）         选择二，未到达目的地，也提前下车换乘。（摆脱危机）         选择三，作壁上观，看热闹，这将是你生命中最后一次冷漠的围观！（坐以待毙）""",63
Fri Nov 02 13:00:54 +0800 2018,4301893733948661,"""执法者喜欢和稀泥最后和成这种风气，犯罪的人说不得动不得，最后用法律倒把许多犯罪分子的人权保护起来了""",37
Fri Nov 02 13:00:54 +0800 2018,4301893733584020,"""回复@如愿的盛世:你会被喷成筛子的兄弟，别问我怎么知道的，挺住！""",100
Fri Nov 02 13:00:53 +0800 2018,4301893729834954,"""提高交通车司机入职门槛，但更重要是需要修法，严惩这种攻击司机的罪恶行径""",41
Fri Nov 02 13:00:43 +0800 2018,4301893691942574,"""建议给公交司机安装一个隔离护栏。关在里面开。""",51
Fri Nov 02 13:00:15 +0800 2018,4301893574583677,"""回复@不靠谱的混蛋:不可能是一车   万一有聋哑人""",13
Fri Nov 02 13:00:14 +0800 2018,4301893565819293,"""回复@不靠谱的混蛋:可是觉得小孩真的很无辜啊，他们才那么小[失望]""",100
Fri Nov 02 13:00:10 +0800 2018,4301893549382443,"""这种情况应该立即停车，哪怕是互殴，其他人是无辜的，开着车打架，这个司机也欠缺职业道德。""",37
Fri Nov 02 13:00:02 +0800 2018,4301893516385520,"""回复@三流丶猫童:又不是高速 后面的车知道减速超车 可能造成堵车 严重就追尾 也不至于死15个人 高速上遇到紧急情况都还有人在路中间停车呢（当然这是无脑的行为）突发情况在桥上停个车也比打架打到开河里好""",44
Fri Nov 02 12:59:54 +0800 2018,4301893486367882,"""回复@斯泰尔斯哟:在打斗的时候车已经偏离了，打方向盘是因为快撞上小红车了""",100
Fri Nov 02 12:59:54 +0800 2018,4301893482171180,"""这种人是谁培养出来的？""",33
Fri Nov 02 12:59:29 +0800 2018,4301893377540261,"""在广州经常坐公交车的我，见乘客抢夺方向盘，和司机吵架，辱骂司机的事情已经很多次了，幸好没有造成悲剧。希望同胞们以后如果有意见可以和司机好好交流。""",44
Fri Nov 02 12:59:23 +0800 2018,4301893352336509,"""我只想问一下他们之间发生了什么？有什么深仇大恨！""",100
Fri Nov 02 12:59:16 +0800 2018,4301893322940087,"""回复@蜀黍Charlie:是根本原因，不是直接原因""",100
Fri Nov 02 12:59:01 +0800 2018,4301893259697897,"""一个偏激一个固执，怎么解？这2人的家属赔偿其它家庭损失？""",12
Fri Nov 02 12:58:59 +0800 2018,4301893252043427,"""难道要司机骂不还口打不还手吗？""",44
Fri Nov 02 12:58:57 +0800 2018,4301893242894669,"""貌似听到了孩子的哭声""",51
Fri Nov 02 12:58:46 +0800 2018,4301893197056404,"""回复@蜀黍Charlie:司机不是祸首，坐过站的泼妇是可恶，她干扰司机，危害公共安全，，可她没去抢方向盘，整车人的命还是掌握司机手上的，仔细看看对向那车的行车记录仪，司机那把方向是不是导致整车人死亡的直接因素，这起事故起因是那个女的，她不可原谅，司机才是害死人的那个，尽管他没想害死人。活着的人应该吸取教训""",100
Fri Nov 02 12:58:39 +0800 2018,4301893167795484,"""就是警方一贯的和稀泥的方式，就是因为这样的行为从来没有得到处罚，才造成乘客的冷漠和司机的还手。如果之前这样的行为不是按照纠纷处理而是按照危害公共安全处理，不是简单的拘留而是判个一年半载的，看看这样的情况还会多吗？人心都是自私的，不是所有人都是道德模范。""",100
Fri Nov 02 12:58:38 +0800 2018,4301893163083388,"""这件事情肯定是女的不对，你的行为拉了十几个人陪着你一起走了。但公交司机的行为也不行，你不能把一车的人做赌注和人家吵，而且还在高架桥上，要吵找个地方停下来，要不报警，要不和她继续，你开着车和人家赌气，好玩吗？""",33
Fri Nov 02 12:58:34 +0800 2018,4301893147042192,"""不能理解那些认为司机没问题的人。""",31
Fri Nov 02 12:58:21 +0800 2018,4301893092452701,"""回复@瑞瑞爸比yu:谁不怕？现在生活压力这么大，谁能合计出这么大的事，回头被反咬一口的也不少，哪个家长不是教育自己家孩子少管闲事""",21
Fri Nov 02 12:58:08 +0800 2018,4301893037846484,"""回复@吴娟zjj:这是当然的，但我们可以约束自己，却无法掌控别人的行为，所以要提前想好可能会发生的坏情况下怎样处理""",44
Fri Nov 02 12:58:02 +0800 2018,4301893007678440,"""#杂摘新闻# 错过一站，错过一生。以和为贵。""",11
Fri Nov 02 12:57:58 +0800 2018,4301892990894363,"""既然我们是法制社会，我觉得博主说“让别的乘客对肇事者施压”的做法不妥，因为，同样为普通公民，不具备执法能力，那么试压的限度在那里呢？如果因为乘客干预，反造成乘客的人生安全被侵害，这个损失谁补偿呢？所以，还是觉得公共交通系统要和警察密切联系，司机防止进一步“激怒”这类人，做好取证。""",44
Fri Nov 02 12:57:51 +0800 2018,4301892966279739,"""应该给司机配上防卫的辣椒水""",37
Fri Nov 02 12:57:42 +0800 2018,4301892928366519,"""看戏的都死了""",11
Fri Nov 02 12:57:03 +0800 2018,4301892765358062,"""回复@沈阳新房经纪人小刘:你已经承认了是怕摊事！""",100
Fri Nov 02 12:57:01 +0800 2018,4301892756399375,"""回复@蜀黍Charlie:可是这司机的操作真的处理得不好，作为一个开大巴的经验丰富的司机，怎么会这样打方向盘而没有刹车""",100
Fri Nov 02 12:56:59 +0800 2018,4301892747994010,"""我们都生活在一个有规则的世界里，都有准守这个世界里的规则，破坏规则的代价无疑是惨痛的。希望这次悲剧能起到警醒作用，增强法律和安全意识，减少戾气，不再发生这种悲剧。""",13
Fri Nov 02 12:56:52 +0800 2018,4301892722788971,"""治乱世，用重典 [喵喵]公交司机与某些其他行业一样食不定时，轮替换班，工作压力大，工作过劳，交通堵塞引致精神紧张，心情烦躁等等职业病，平时所遇到态度好，有礼貌的如凤毛麟角。 小编还要要求打不还手，骂不还口，学累疯的精神吗？大妈坐过站，中途强行下车，抢方向盘，打司机。一律判刑一年好了""",22
Fri Nov 02 12:56:52 +0800 2018,4301892714217054,"""回复@UncleWang_BushyBeard:为什么大桥不能停车？等警察来处理撒""",44
Fri Nov 02 12:56:34 +0800 2018,4301892643553531,"""把司机都变成治安警察，佩枪可能会好点！@中国政府网 """,44
Fri Nov 02 12:56:29 +0800 2018,4301892622340447,"""公交车的设计应改进，要保护司机免受攻击!""",100
Fri Nov 02 12:56:26 +0800 2018,4301892609737746,"""回复@UncleWang_BushyBeard:新闻和视频看清楚了 司机是没受到任何外力因素下从容地向左打方向盘无减速地开进河里的，女乘客的无脑确实是这件事情的根本原因，司机的不当处理是也是酿成灾难的触发条件，没有罪？要是他们都活着 这两个人肯定都要负责的。""",44
Fri Nov 02 12:56:22 +0800 2018,4301892593417446,"""回复@追逐的狂热:你到底懂不懂""",400
Fri Nov 02 12:56:23 +0800 2018,4301892592530324,"""规范司机？要立下哪条规矩呢？？""",41
Fri Nov 02 12:56:17 +0800 2018,4301892571828226,"""回复@心默魔心:你去看看最后人民日报公布的结果，你看看司机是不是重罪。女的危害公共交通安全了这个是重罪没得说，但是司机就做了好了吗？拿一车人的生命当儿戏，未对车辆采取保全措施，并且放开方向盘进行还击，这一点意见严重的违反了道路交通发达和公共交通安全法了。两个人的重罪都是五五开的。""",51
Fri Nov 02 12:56:18 +0800 2018,4301892571550843,"""回复@LEZOOO:[坏笑]这个是心照不宣的行规！……故意的，没成想，玩过头了""",31
Fri Nov 02 12:56:03 +0800 2018,4301892513385710,"""回复@大和下:你口中的犯罪者还是针对司机，首先重庆的司机是违法了，但是立法不应只针对某一个个案而是应针对行为，如果司机被打至昏迷，那如何停车报警？""",31
Fri Nov 02 12:56:02 +0800 2018,4301892509680797,"""回复@线味:罗马不是一天建成的，大家都有责任！""",21
Fri Nov 02 12:55:51 +0800 2018,4301892462609766,"""说司机故意冲下去的什么心态？！[拜拜]看视频司机应该是被扇了巴掌后很气愤乱了方寸才冲下去的。本身就是乘客无理，还被打了，肯定很恼火，脾气没抑制住就发生事故了。最该死的是那个乘客，自己坐过了站还打人，还害了一车人啊！""",100
Fri Nov 02 12:55:46 +0800 2018,4301892441606352,"""回复@乐长健:对！泼妇的违法成本太低了！所以才有那么多为所欲为的人！""",34
Fri Nov 02 12:55:38 +0800 2018,4301892408604371,"""没人提专门立法保护公交司机安全了？""",43
Fri Nov 02 12:55:29 +0800 2018,4301892370457215,"""回复@三流丶猫童:等着呗，等警察来""",44
Fri Nov 02 12:55:27 +0800 2018,4301892362940457,"""乘客的无情观战葬送了自己，没有无辜的，死神是公平的""",100
Fri Nov 02 12:55:26 +0800 2018,4301892358222812,"""建议此女枪毙！！！""",44
Fri Nov 02 12:55:22 +0800 2018,4301892341421507,"""建议公交车实行司乘人员隔离。避免此类事件的发生。以往经常报道司乘人员吵闹，危机公共安全，。隔离后可以交流但不能身体接触，应该会好点。""",37
Fri Nov 02 12:55:22 +0800 2018,4301892341050605,"""法律不能总是对造成严重后果的行为才严厉惩处，而是对可能要产生危险行为形成震慑。比如，多起抢夺公交车方向盘未造成严重后果的行为，应严厉惩处，起码入刑。不然，事后威慑，总是让人惋惜。""",52
Fri Nov 02 12:55:18 +0800 2018,4301892324618543,"""我又看了几遍这个视频，还是倾向于这个司机心态崩了，不想活了……这个车速，把方向盘往左打一圈，意味着什么，有驾照、开过车的人都知道，何况能开公交车是有A照的老司机……""",100
Fri Nov 02 12:55:17 +0800 2018,4301892320415902,"""提倡的法治社会依法治国。效果如何？法律法规不少，平民有几人真正知道？不要总把问题往道德层面靠。""",61
Fri Nov 02 12:55:12 +0800 2018,4301892299410321,"""回复@腔丝侬绒:那真的应该完善法律了。这种危害公共安全的性质""",100
Fri Nov 02 12:54:51 +0800 2018,4301892211200061,"""回复@我是一个活泼可爱的小朋友:拿起你的键盘去吧""",34
Fri Nov 02 12:54:48 +0800 2018,4301892199119434,"""所以打小从不坐公交，也很少坐地铁""",400
Fri Nov 02 12:54:46 +0800 2018,4301892190457548,"""回复@尼古拉斯-泰日天:对！刘女士是首恶，司机没必要打这么大方向(前面路空敞)，有故意撞向对向车道嫌疑，也有恶意，只是没想拦杆不经撞，赔了自己性命，拉13人陪葬。""",100
Fri Nov 02 12:54:45 +0800 2018,4301892186254654,"""回复@露丝愤怒的小鹰:又是个出来放屁的，你一边开车，一边被一个泼妇连续击打头部，你能靠边慢慢停车?""",62
Fri Nov 02 12:54:43 +0800 2018,4301892177857038,"""回复@我是一个活泼可爱的小朋友:你比这女乘客还可怕。""",400
Fri Nov 02 12:54:28 +0800 2018,4301892114478245,"""哎，""",41
Fri Nov 02 12:54:11 +0800 2018,4301892043996664,"""我觉得乘客也占了很大部分原因吧，因为之前我也经历过这种事，当时也是一个老太太坐过站了就开始骂骂咧咧，然后就有几个大妈和大叔马上很大声的反驳了，然后那个老太太就安静了，如果说当时乘客勇敢一点可能也没有这个悲剧""",50
Fri Nov 02 12:54:04 +0800 2018,4301892018487398,"""唉～ 好主意啊   突然想起“白铁无辜铸佞臣”""",51
Fri Nov 02 12:54:02 +0800 2018,4301892009717046,"""如果当时有乘客上去阻止…""",400
Fri Nov 02 12:53:45 +0800 2018,4301891934104188,"""这种情况下，司机不还手也可能掉江里。以后要加大对攻击司机的人的处罚力度，应当仅次于死刑。""",14
Fri Nov 02 12:53:33 +0800 2018,4301891888561918,"""同情司机，没规矩的人破坏规矩。还打人。情绪反应很正常。肾上腺激素上来管你那些个呢。服务行业如果员工为了服务被欺负。企业应该加大奖励。而不是克制规范。不受规矩的人破坏秩序的人。无视他人安全的人应该收到法律严惩。不应该单单拘留十五天。罚点款。""",15
Fri Nov 02 12:53:32 +0800 2018,4301891879863867,"""回复@心默魔心:司机有错，但不是有些人说的那样不堪……""",50
Fri Nov 02 12:53:31 +0800 2018,4301891871070244,"""回复@清晨-SunP:赞成""",42
Fri Nov 02 12:53:25 +0800 2018,4301891850761487,"""回复@北跃南洋:都要撞上小红车了，你不左打难道直接撞？？？""",100
Fri Nov 02 12:53:25 +0800 2018,4301891850720737,"""回复@成都市精神内科副主任:是""",44
Fri Nov 02 12:53:24 +0800 2018,4301891846523942,"""我觉得应当关注 公共服务安全人员响应的心理健康问题。。司机如果家庭幸福美满，我相信不会做出这种行为。""",33
Fri Nov 02 12:53:17 +0800 2018,4301891817423946,"""回复@蜀黍Charlie:是可以这样理解，但是司机急转行为无法理解，车本来并没有失控""",400
Fri Nov 02 12:53:11 +0800 2018,4301891792511309,"""回复@不靠谱的混蛋:雪崩的时候，没有一片雪花是无辜的""",100
Fri Nov 02 12:53:10 +0800 2018,4301891787710995,"""回复@蜀黍Charlie:没人说司机是罪魁祸首，瞎带几把节奏""",100
Fri Nov 02 12:52:56 +0800 2018,4301891728789769,"""回复@成都市精神内科副主任:是的，司机如果当时能冷静点先刹车，不管之后是去报警还是去打人吵架什么的，都不会造成这么严重的后果。可惜没有如果了……""",31
Fri Nov 02 12:52:54 +0800 2018,4301891720386682,"""回复@蜀黍Charlie:这个泼妇打司机第一下的时候。我觉得司机就应该停车。毕竟作为公共交通驾驶员踩刹车才是本能反应。而不是还手。当然泼妇是毋庸置疑的始作俑者。""",100
Fri Nov 02 12:52:53 +0800 2018,4301891716185998,"""围观者也有责任""",11
Fri Nov 02 12:52:43 +0800 2018,4301891678748909,"""回复@绿裙子村姑:不管怎么样 车在行驶中 乘客就不能激怒司机""",43
Fri Nov 02 12:52:44 +0800 2018,4301891678379357,"""转发微博""",11
Fri Nov 02 12:52:42 +0800 2018,4301891674610058,"""回复@如愿的盛世:手机多次打头，这是互殴？""",42
Fri Nov 02 12:52:41 +0800 2018,4301891666150311,"""回复@UncleWang_BushyBeard:怎么就不能减速停车了？乘客的安全大于一切。总之还是在法律法规上缺乏对司机的保护和对施暴者的约束。""",51
Fri Nov 02 12:52:34 +0800 2018,4301891636742195,"""回复@温温LHH:对！谴责司机的都是畜牲！""",400
Fri Nov 02 12:52:33 +0800 2018,4301891632167930,"""回复@北極輝:错了！……应该严格立法，一旦出现特殊情况，司机必须靠边停车报警，不允许带危险驾驶!违反就重刑。""",31
Fri Nov 02 12:52:30 +0800 2018,4301891619564201,"""回复@UncleWang_BushyBeard:一车人的生命啊，老司机要非常清楚，50公里时速，急打方向的后果，公交车那么重，再结实的护栏都挡不住的，司机很明显是斗气，如果不在桥上没事，可是没有如果🙏""",35
Fri Nov 02 12:52:26 +0800 2018,4301891598326904,"""回复@嘛哩嘛哩7:没有无辜者。一车乘客为他们的事不关己付出代价是必然的。""",100
Fri Nov 02 12:52:24 +0800 2018,4301891594732780,"""看到有这么多喷司机的人真的难过，还有甚者竟然怀疑司机恶意报复那个泼妇而失控，更有甚者说司机………。都没长脑子吗？首先司机有错，错在发生冲突没有立刻采取停车报警处理。有人怀疑司机为什么大幅度打方向，原因一由于被乘客攻击而慌乱；原因二由于慌乱中已经越过中线而撞上迎面而来的汽车本能躲闪""",50
Fri Nov 02 12:52:19 +0800 2018,4301891573619449,"""还是把驾驶室隔开吧，封避起来""",13
Fri Nov 02 12:52:11 +0800 2018,4301891540010757,"""回复@制KONG:就是被打后分心了 造成误操作 和开车捡手机一个道理""",31
Fri Nov 02 12:52:06 +0800 2018,4301891519005952,"""回复@非常gym1234:兄弟，什么样的护栏才能拦得住快速行驶的车辆？今天是公交冲出护栏坠河了，明天来一个重卡冲出护栏是不是还得加固护栏？杀人者有罪，卖刀责无罪。懂？""",51
Fri Nov 02 12:52:00 +0800 2018,4301891498371019,"""最能预防这类事情的，就是优化司机水平和应变能力 。例如很多大货车会出重大事故，就是因为驾驶者水平问题。""",44
Fri Nov 02 12:51:58 +0800 2018,4301891481098797,"""继续转。""",43
Fri Nov 02 12:51:53 +0800 2018,4301891468965652,"""回复@十氿雪:左打是躲避小车，谢谢""",100
Fri Nov 02 12:51:43 +0800 2018,4301891423117873,"""你错过了一站，他们错过余生。 ​​​""",44
Fri Nov 02 12:51:43 +0800 2018,4301891422759487,"""回复@绿帽:刚看到另一个乘客和司机争执的视频，在乘客试图和司机抢夺方向盘时，后面一位大哥飞起一脚把那人踹到了一边，内容让人极度舒适～可惜这样的见义勇为者没有出现在这辆车上。没有人是无辜的～""",45
Fri Nov 02 12:51:42 +0800 2018,4301891418560994,"""回复@呜呜啦啦呼呀呀:我觉得司机有意把事情闹大，但没把控好。""",42
Fri Nov 02 12:51:42 +0800 2018,4301891418557505,"""回复@Lai-Allan:手机多次打头，这是互殴？""",42
Fri Nov 02 12:51:42 +0800 2018,4301891418449485,"""银川的公交车司机有个透明防护罩，这种就可以防止这种情况。""",32
Fri Nov 02 12:51:21 +0800 2018,4301891330232171,"""@律师一诚信尽职: 以后大家见到这种严重干扰大型公共交通工具安全行驶的行为，一定不要袖手旁观，上去就猛揍，直到制服为止，不然你也可能小命不保啊。就算你没有见义勇为，伸张正义之心，为了保自己的命也要出手制服，否则就是蠢蛋。""",37
Fri Nov 02 12:51:16 +0800 2018,4301891309711731,"""回复@清晨-SunP:贊成""",36
Fri Nov 02 12:51:10 +0800 2018,4301891284508089,"""乘客都不去阻止……""",400
Fri Nov 02 12:51:11 +0800 2018,4301891283883043,"""汲取教训吧""",12
Fri Nov 02 12:51:06 +0800 2018,4301891267224036,"""对于这种危害大家安全的，相关的法律应该严肃处理，不是草草批评教育就了事了，这次教训够深痛了！""",50
Fri Nov 02 12:51:02 +0800 2018,4301891254617504,"""鬧客肯定要下地獄的！ 但這點視頻怎麼覺得司機失控而故意的呢！""",11
Fri Nov 02 12:51:02 +0800 2018,4301891250681514,"""回复@制KONG:也许是因为被那个乘客用手机猛打了两下导致没有反应过来吧，这个也没办法说。但是没有那个乘客，也就没有之后这一切吧。""",400
Fri Nov 02 12:50:55 +0800 2018,4301891221273619,"""还是法制不健全 人民素质上不去""",15
Fri Nov 02 12:50:52 +0800 2018,4301891213364937,"""回复@嘛哩嘛哩7:挺你，司机也是无辜的，结果还有阴谋论说司机故意冲下去的[摊手]""",50
Fri Nov 02 12:50:52 +0800 2018,4301891209168733,"""司机还是有责任，完全可以停车报警，等警察来啊。""",50
Fri Nov 02 12:50:49 +0800 2018,4301891200378626,"""我觉得司机也是有意想把事情闹大，好送她进监狱，只是没把控好。""",42
Fri Nov 02 12:50:44 +0800 2018,4301891179635724,"""回复@不靠谱的混蛋:车上的小孩不是无辜者？""",45
Fri Nov 02 12:50:44 +0800 2018,4301891175065378,"""明明只是一名女同志，车上13名乘客竟然无人出来制止，规劝，对他人生命的冷漠也是对自己生命的冷漠！悲哀！""",100
Fri Nov 02 12:50:43 +0800 2018,4301891171238813,"""活的不耐煩想死的，可以死家里，需要伴、就拉上家人，雖然不对，但比起拉上無辜陌生人，被連累的家人不算冤。任何车上和司机动手动脚和那些嘴欠忍不住不停和司机说话的人，都可以理性提前死家里，免的害了无辜""",36
Fri Nov 02 12:50:42 +0800 2018,4301891166667398,"""报警：批评教育？""",42
Fri Nov 02 12:50:41 +0800 2018,4301891162464051,"""回复@Lai-Allan:兄弟，大桥上突然停车，后面的车咋办？""",22
Fri Nov 02 12:50:40 +0800 2018,4301891159065850,"""回复@马蹄岗-:我只是看不惯有人为了上热评，随意带节奏，谢谢[微笑]如果你认为我说了“扯淡”就素养不够了，那抱歉，让你的玻璃心受伤了。""",31
Fri Nov 02 12:50:33 +0800 2018,4301891124433277,"""这？！""",400
Fri Nov 02 12:50:23 +0800 2018,4301891087623005,"""我一直对中国各级的懒政不满，因为造成的后果，根本是所有人都承担不了的。这些，本来都是可以防范的，但都被忽视，因为官员都不坐公车。公车司机被干扰，已经是经常出现的问题了，但相关部门就没有彻底杜绝的措施，哪怕有护栏，不被行为干扰也好。管理水平低下，总是把责任推给个人，结果就是这样""",45
Fri Nov 02 12:50:20 +0800 2018,4301891074513667,"""乘客抢夺方向盘？？？""",42
Fri Nov 02 12:50:07 +0800 2018,4301891024206796,"""回复@UncleWang_BushyBeard:靠边减速停车怎么就不行了？莫非在桥上出现紧急情况也不让停车？高速上还有个紧急停车带呢""",13
Fri Nov 02 12:50:06 +0800 2018,4301891016521466,"""全国的公交公司应该要培训遇见这种突发情况要如何处理，毕竟人渣很难筛选""",41
Fri Nov 02 12:49:49 +0800 2018,4301890949312166,"""回复@墨擦乌里黑:[二哈][二哈][二哈]""",100
Fri Nov 02 12:49:49 +0800 2018,4301890944813566,"""那个，一开始说是女司机的是你么？""",32
Fri Nov 02 12:49:47 +0800 2018,4301890935883782,"""又带节奏，连同车的另14个人你们都要污，谁也不傻，开车连手机都不允许接的他还能只手把方向盘另一只手还击，脚下还踩着油门。""",32
Fri Nov 02 12:49:42 +0800 2018,4301890915715280,"""以后干扰公交车司机驾驶的，是不是应该按恐怖分子处理，当场击毙，就地正法。[吃瓜][吃瓜]""",12
Fri Nov 02 12:49:40 +0800 2018,4301890907272049,"""我想说坐那么多公交基本上都会有乘客与司机争吵，可以说灾难发起者是罪魁祸首，但真正的祸首是科技的弊端，普遍了刷卡就减少了车上服务员了！以前各种充满怨气的乘客吵架都是跟服务员，像这种事情的发生只能说缺少沟通的服务员而乘客才直接的影响到司机吧。。。@澎湃新闻""",100
Fri Nov 02 12:49:40 +0800 2018,4301890906739997,"""应该把那女子的相片印到马路上，让人TT碾压""",11
Fri Nov 02 12:49:34 +0800 2018,4301890885839676,"""回复@清晨-SunP:这个好""",81
Fri Nov 02 12:49:32 +0800 2018,4301890873133923,"""回复@frankky9:是的。同类人都是群居。""",11
Fri Nov 02 12:49:25 +0800 2018,4301890843728377,"""回复@非常gym1234:护栏不符合现在的标准了""",13
Fri Nov 02 12:49:22 +0800 2018,4301890831964769,"""回复@不靠谱的混蛋:不是不管，是摊事，这种情况制止导致受伤了是不是还要被判？如果国家说了，这种抢方向盘的打死不犯法你看看会有这些破事不""",21
Fri Nov 02 12:49:23 +0800 2018,4301890830969068,"""应该给司机设立一个驾驶室，外面的人无法干扰""",22
Fri Nov 02 12:49:19 +0800 2018,4301890819365512,"""互相怄气，都没考虑到可能会发生的严重后果，真是血淋淋的教训！""",31
Fri Nov 02 12:49:18 +0800 2018,4301890814861394,"""回复@如愿的盛世:也许是嘛[微笑][微笑]""",400
Fri Nov 02 12:49:17 +0800 2018,4301890810965805,"""为什么可怜司机师傅就要来背锅，司机师傅也是平常人。受到委屈肯定都是有情绪，而不是你在这里写文章不腰疼""",34
Fri Nov 02 12:49:16 +0800 2018,4301890806286685,"""不遵守规则，旁观的，无一幸免。""",43
Fri Nov 02 12:49:15 +0800 2018,4301890801719308,"""回复@清晨-SunP:[赞啊]""",62
Fri Nov 02 12:49:07 +0800 2018,4301890763832022,"""回复@非常gym1234:什么防护栏能防公交车的撞击？""",31
Fri Nov 02 12:49:04 +0800 2018,4301890756053894,"""回复@enghtcy:教育问题，估计家里人也不是什么有素质的人""",11
Fri Nov 02 12:48:59 +0800 2018,4301890734872964,"""回复@成都市精神内科副主任:报警就不是危害公共安全罪，而是司机与乘客的民事纠纷啦。""",23
Fri Nov 02 12:48:59 +0800 2018,4301890734871656,"""你能说我们都冷漠吗？就只这件事，从一开始整个网络整个社会就翻来覆去满地打滚的叫骂了，骂完这个骂那个，骂了那个忘这个，全民围观，全民泄愤，直到现在依然如此，可是有用吗？酒足饭饱，继续等下一场的围观……""",61
Fri Nov 02 12:48:47 +0800 2018,4301890684357315,"""应该把司机那安装防护栏""",33
Fri Nov 02 12:48:44 +0800 2018,4301890676813262,"""回复@云风飞扬III:看看之前的瑞典事件！无赖都有大使撑腰，能不嚣张吗？""",31
Fri Nov 02 12:48:43 +0800 2018,4301890668414105,"""加重这方面的惩罚吧""",44
Fri Nov 02 12:48:41 +0800 2018,4301890659519659,"""首先应立法保护司机，惩罚这种乘客，否则警察来了最后这种乘客还是得了便宜，会有更多这样的人出现。司机的应对，公交公司确实也应该培训一下，遇到某些事情应该怎样操作""",44
Fri Nov 02 12:48:39 +0800 2018,4301890650746065,"""回复@如愿的盛世:你是圣人""",100
Fri Nov 02 12:48:30 +0800 2018,4301890613307572,"""遇到情况，起码要先停车，司机过于轻率了！！""",100
Fri Nov 02 12:48:30 +0800 2018,4301890612940738,"""回复@呜呜啦啦呼呀呀:就是生气了呗 头脑根本不清醒了 或是司机身体右倾时 平衡失调 以为车子向右靠了 下意识往左打盘""",400
Fri Nov 02 12:48:27 +0800 2018,4301890600704661,"""司机也是普通人。这类野蛮人，一天班次下来碰到几次，或常年累月碰到无数次，再加上道路交通的各种烦心事，很可能某次事件就是导火索，使人崩溃。关键还得立法，保护公共安全、保护司机。""",44
Fri Nov 02 12:48:25 +0800 2018,4301890592303853,"""兄弟，通过司机的行为我能看到的是钻牛角尖了，直接故意往那边开的。""",11
Fri Nov 02 12:48:24 +0800 2018,4301890588101154,"""回复@张康你过来一下:你先提高你的素养才是当务之急[吃瓜]""",400
Fri Nov 02 12:48:17 +0800 2018,4301890563403279,"""回复@蜀黍Charlie:看了视频前面也没有车，不需要避让，那个女的也没有抢方向盘，只是两个人手在对打，那么司机为什么要急转左边？这是个疑问""",400
Fri Nov 02 12:48:09 +0800 2018,4301890525601175,"""都别站着说话不腰疼了，真的身临其境有几个人会选择去劝架。首先你不了解具体情况，其次没有十足的把握是去劝架而不是火上浇油。仅仅由结果推测应该采取什么措施是不负责任的。你以为劝架一个能劝和吗，会不会变成3个人吵架甚至多人群殴谁也不知道，在不确定结果的情况下贸然出手，这就不冷血不冷漠？""",33
Fri Nov 02 12:48:02 +0800 2018,4301890495282735,"""哎，冲动真可怕，生活如同投资都不能冲动""",44
Fri Nov 02 12:48:00 +0800 2018,4301890487746157,"""司机无辜背锅""",31
Fri Nov 02 12:47:57 +0800 2018,4301890479133893,"""回复@涛声依旧V8h2:无赖在瑞典得到声援，于是无赖在国内更为嚣张！""",31
Fri Nov 02 12:47:55 +0800 2018,4301890470733436,"""小时候的公交车司机有自己的上下车门！另外，个人觉得其他没涉事的乘客家属可以要求赔偿了！""",12
Fri Nov 02 12:47:49 +0800 2018,4301890441854963,"""原来是这样，可惜可叹了这些无辜的人。""",44
Fri Nov 02 12:47:49 +0800 2018,4301890441542322,"""我想说两句：过站要求停车这样的事毕竟是少数人，司机应该以服务为重，停车让其下车！避免不必要的麻烦？为什么要固执而行？导致事态升级！！公交车司机应该对于乘客突然提出的一些停车要求，应理智妥善处置，不应斗气而行！这个事情责任在于公交车司机！""",61
Fri Nov 02 12:47:45 +0800 2018,4301890428722793,"""回复@成都市精神内科副主任:国家队这种行为的处罚力度太小了！！！""",42
Fri Nov 02 12:47:44 +0800 2018,4301890420539606,"""回复@蓝裙子妹妹:是啊，法律上罪不及家人，但是可以道德上谴责，不然对这种人哪来的威慑""",32
Fri Nov 02 12:47:39 +0800 2018,4301890399316331,"""短期有效办法司机有不受干扰的驾驶空间""",34
Fri Nov 02 12:47:38 +0800 2018,4301890399210534,"""怎么赔偿呢？""",100
Fri Nov 02 12:47:38 +0800 2018,4301890395333387,"""警察除了和稀泥抓违章还能做啥""",50
Fri Nov 02 12:47:37 +0800 2018,4301890390916329,"""当你上公交那一刻可以这样比喻：就像司机师傅掌握了你的生死。每个人都要为自己的行为负责，你再生气也不要对司机进行辱骂殴打，为了他人也为了自己。""",41
Fri Nov 02 12:47:37 +0800 2018,4301890390809576,"""如果没有监控的话，就成了公交车版马航MH370了！""",62
Fri Nov 02 12:47:36 +0800 2018,4301890381990100,"""规范司机应对？有规则大家都要遵守，司机遵守规则何错之有？难道因为作恶的乘客很厉害就随便停车，还是任其打骂？别为了赶热点马上评，你还是等一等再评价！""",100
Fri Nov 02 12:47:30 +0800 2018,4301890361401734,"""回复@我是一个活泼可爱的小朋友:他家里人是无辜的。""",61
Fri Nov 02 12:47:26 +0800 2018,4301890349386859,"""回复@非常gym1234:那都是人防护栏，万州二桥桥面限速60，2004年通车的设计标准护栏并没有防车辆撞击功能。""",100
Fri Nov 02 12:47:27 +0800 2018,4301890348800497,"""类似这样攻击司机的事情，不论是言语攻击还是肢体攻击，无论事后有没有直接后果，攻击者都应该受到惩戒。""",11
Fri Nov 02 12:47:26 +0800 2018,4301890345187086,"""司机更可恨，他明显就是想撞车，然后让乘客赔""",37
Fri Nov 02 12:47:23 +0800 2018,4301890332364858,"""回复@蜀黍Charlie:这名乘客并未抢夺方向盘，司机也未失去对公交车的控制权，司机完全可以先停车再处理情况，所以说虽然事件是由无理乘客引起的但司机应该负有主要责任。""",11
Fri Nov 02 12:47:22 +0800 2018,4301890327797856,"""我想知道假如当时司机没有还手，这位打人的妇女会承担什么样的法律责任？有没有人管？如果打人者过后能受到惩罚，司机当时可能就不会还手了。""",15
Fri Nov 02 12:47:18 +0800 2018,4301890311904434,"""回复@许愿树下的玻璃瓶:老太太呆了一呆要来抓我，我朋友直接警告，你再动一下再扇你信不信？老太太一看不对，又要去拉方向盘。结果朋友一耳光扇过去。瞬间，安静了。到站老太太骂骂咧咧下去了。回想起来我们是不对。但你坐过了要么走回去要么再坐一站回去，有必要么。遵守秩序是每一个公民的基本素质。""",11
Fri Nov 02 12:47:14 +0800 2018,4301890289677318,"""回复@Zz无敌可爱:难 没造成严重后果最多教育一下""",31
Fri Nov 02 12:47:01 +0800 2018,4301890244693033,"""回复@我是一个活泼可爱的小朋友:太有必要了  一定要把事件向全国人民宣告，阻值或扼制即将或潜在的危险人群和危险""",34
Fri Nov 02 12:47:02 +0800 2018,4301890244375927,"""//@罗伯源: 就是因为报警对她没有什么太大影响，也许要是报警能给这个女的但凡一点教训，我估计司机也不会向左打方向盘！//@成都市精神内科副主任:建议司机在遇到这种情况，靠边停车熄火报警！""",33
Fri Nov 02 12:47:01 +0800 2018,4301890244034395,"""愿天堂没有泼妇！请逝者安息！[蜡烛]""",61
Fri Nov 02 12:46:58 +0800 2018,4301890227232788,"""要先停车，再见义勇为。""",100
Fri Nov 02 12:46:55 +0800 2018,4301890218828787,"""回复@成都市精神内科副主任:报警？呵呵～你认为报警有用吗？我遇到过泼妇，报警啦！半点作用没有！""",34
Fri Nov 02 12:46:54 +0800 2018,4301890210771905,"""回复@邯郸小学生日记:无辜个屁，看清楚视频，司机是很清醒很从容很淡定地把车高速开向河里的""",31
Fri Nov 02 12:46:52 +0800 2018,4301890202693535,"""回复@涛声依旧V8h2:严重同意！这就是出事儿了否则把这类人咋的了？教育几嘴就放了。有处罚的先例吗？""",23
Fri Nov 02 12:46:51 +0800 2018,4301890197829240,"""无辜乘客的生命谁来负责？应该让两方肇事者家属赔偿""",11
Fri Nov 02 12:46:49 +0800 2018,4301890189423831,"""这是对的，就该这么教育""",41
Fri Nov 02 12:46:48 +0800 2018,4301890185830805,"""回复@UncleWang_BushyBeard:减速懂吗？""",21
Fri Nov 02 12:46:44 +0800 2018,4301890173225614,"""重庆公交坠江事件，所有乘客没有一位是无辜者。他们早就看到女乘客与司机争吵打架，居然无人制止，导致一车人陪着那个女人进了阴曹地府。[汗]——另外也是政府平时太过纵容无赖，和稀泥给惯的，[挖鼻]如果平时对类似行为重罚严惩，谁敢在公交车上撒野？""",11
Fri Nov 02 12:46:44 +0800 2018,4301890168789006,"""就是说，不要一边开车一边打。应该把车停好，狠狠滴打！""",31
Fri Nov 02 12:46:43 +0800 2018,4301890164887692,"""别的乘客未必会对肇事者施压。正因为有你这样的媒体大肆宣传，才会导致犯罪成本这么低""",44
Fri Nov 02 12:46:42 +0800 2018,4301890160385732,"""无赖害了一车人！""",31
Fri Nov 02 12:46:39 +0800 2018,4301890148025319,"""回复@不靠谱的混蛋:又见“完美受害人”言论[汗]""",100
Fri Nov 02 12:46:39 +0800 2018,4301890147417767,"""回复@UncleWang_BushyBeard:司机应该忍一手 毕竟最为司机会有乘客所没有的责任背在身上""",400
Fri Nov 02 12:46:37 +0800 2018,4301890143580092,"""@不靠谱的混蛋：没有无辜者。一车乘客为他们的事不关己付出代价是必然的。""",35
Fri Nov 02 12:46:34 +0800 2018,4301890130978086,"""没有谁对谁错。真的太难评价。只希望逝者安息，我们吸取教训。有些人把公交车当自己私家车是的。到站了还稳稳的坐那，然后车要走了，又急了。服。还有希望漠视的少一些。遇见这种事多劝一劝。看见和司机纠缠了，就赶紧拉开。也希望每个人都能静一静。""",61
Fri Nov 02 12:46:35 +0800 2018,4301890130612534,"""无法对乘客进行筛选???""",44
Fri Nov 02 12:46:32 +0800 2018,4301890117901042,"""打人女乘客必然已经构成犯罪，第二辆车的行车记录仪司机前方无车辆就连对向车道也没有车辆何来避让，司机为什么要把方向盘打死？我觉得司机可能想撞对向第二车道上的小车然后造成交通事故报复女乘客让她被判刑结果没想到撞到了栏杆车辆冲下了桥，最终害了一车人如果其中任何一个人保持理智就能避免悲剧""",51
Fri Nov 02 12:46:30 +0800 2018,4301890110542754,"""口头教育的方式根本不能让人长记性，也不可能让每个人都长记性。因此还是要采用强硬的设施，譬如给每位司机都安装独立驾驶室，增加带警棍的巡逻员。""",100
Fri Nov 02 12:46:22 +0800 2018,4301890076937921,"""平时虎惯了，这回碰到个不要命的司机，可怜了其他无辜的乘客""",42
Fri Nov 02 12:46:12 +0800 2018,4301890029784749,"""肯定有不认真看新闻的人以为坠江事件是因为乘客抢夺方向盘。。。""",37
Fri Nov 02 12:46:05 +0800 2018,4301890004841608,"""回复@让我触及到天空:十几秒的时间，而且还是在吵架，估计脑子也是乱哄哄的，方向盘左右不分。视频最后当司机反应过来时，一声“坏了”但是也已经晚了""",44
Fri Nov 02 12:46:02 +0800 2018,4301889996804118,"""回复@斯泰尔斯哟:我靠！如果属实，司机脾气太爆，谋杀罪名成立""",31
Fri Nov 02 12:46:02 +0800 2018,4301889992604960,"""这个女的就算死了也要判刑！""",42
Fri Nov 02 12:45:54 +0800 2018,4301889958999617,"""然而在发生这件事以前，对于抢夺方向盘，攻击司机的行为，只要不发生后果，一般都是口头警告，最多几天治安拘留。为什么一定要付出沉痛代价，以后才会依法从严从重处理。如果以前就严格执法，起到威慑作用，也许这个案子就不要发生了""",32
Fri Nov 02 12:45:53 +0800 2018,4301889954797708,"""什么叫公德：随意乱扔东西、随便吐痰、损害绿化、不排队等。反影响人生安全的都不能算。""",31
Fri Nov 02 12:45:50 +0800 2018,4301889946026404,"""哎，国人暴戾之气，为何如此旺盛。""",11
Fri Nov 02 12:45:49 +0800 2018,4301889941822961,"""回复@plane守望者:那应该让她们家的生意没法再进行下去！不然怎么对得起无辜的人！""",34
Fri Nov 02 12:45:46 +0800 2018,4301889920687245,"""回复@风雨同舟SUVsuv:你好好看看视频，谢谢""",13
Fri Nov 02 12:45:31 +0800 2018,4301889867179362,"""谁不是娘生爹养，一份工作，凭什么要让人侮辱，打骂，互殴这词不当，最多是司机处理问题失当！如果有责任的话我认为一九开！如果那女的没被淹死我申请在淹一次！最后请尊重他人！尊重为大家服务的工作人员！""",33
Fri Nov 02 12:45:30 +0800 2018,4301889858451508,"""再有抢夺方向盘的 无论什么理由 必须判刑！""",32
Fri Nov 02 12:45:22 +0800 2018,4301889829375597,"""回复@一箱牛奶不够:哪看出躲来了""",13
Fri Nov 02 12:45:23 +0800 2018,4301889829033525,"""回复@嘛哩嘛哩7:完全赞同  ！司机又不是喝酒了  玩手机了   在冷静的人被这个屌泼妇打 也会冒火  一定要说司机错 只能讲司机在应对这个事件发生时及时停车""",34
Fri Nov 02 12:45:24 +0800 2018,4301889828373316,"""回复@呜呜啦啦呼呀呀:他是想躲开前面的小红车""",13
Fri Nov 02 12:45:20 +0800 2018,4301889816059736,"""回复@進擊de犀利Gee:冉某作为公交车驾驶人员，在驾驶公交车行进中，与乘客刘某发生争吵，遭遇刘某攻击后，应当认识到还击及抓扯行为会严重危害车辆行驶安全，但未采取有效措施确保行车安全，将右手放开方向盘还击刘某，后又用右手格挡刘某的攻击，并与刘某抓扯，其行为严重违反公交车驾驶人职业规定。（转自人民日报）""",31
Fri Nov 02 12:45:19 +0800 2018,4301889816055474,"""谁打司机，送他去坐牢""",100
Fri Nov 02 12:45:07 +0800 2018,4301889765642301,"""我觉得司机是昏头了，如果想给这名乘客教训，一个刹车让她摔倒就好了，为什么要这样操作呢。。。。。唉～都是任性的人。。。。。""",31
Fri Nov 02 12:45:05 +0800 2018,4301889748649252,"""如果没这么大的后果，警察一定不会认为是大事更不会以危害公共安全罪提起公诉。""",23
Fri Nov 02 12:44:59 +0800 2018,4301889733026668,"""回复@Lai-Allan:别和稀泥了吧 大桥上能随意停车？ 你能预测该女子什么时候出手？ 所有危害公共安全的应该重罚，司机无罪。""",81
Fri Nov 02 12:44:59 +0800 2018,4301889728830767,"""回复@小美人雁南飞5:这个女人是否在家庭里也是个强势不讲理的女人""",33
Fri Nov 02 12:44:56 +0800 2018,4301889719803940,"""都在禁摩，把乘客往别的路上逼""",35
Fri Nov 02 12:44:57 +0800 2018,4301889715080906,"""回复@如是我闻diana:你这太狠了""",31
Fri Nov 02 12:44:50 +0800 2018,4301889690661261,"""看样子警方要加大对危害乘客安全的处罚力度，再不能听之认知了！""",42
Fri Nov 02 12:44:44 +0800 2018,4301889665456708,"""乘客能怎么办，这么短的时间内，劝说？有用吗，还是动手？""",100
Fri Nov 02 12:44:44 +0800 2018,4301889665085486,"""回复@菁蒿凼:那如果乘客跳车，造成后面车事故呢？如果今天不是公交车，而是出租车呢？不过，无论归入哪个罪，殊途同归，对这样的行为有法入罪是关键。""",31
Fri Nov 02 12:44:43 +0800 2018,4301889661251045,"""前车之鉴，后车之师。希望能推动相关的规范出来。""",51
Fri Nov 02 12:44:42 +0800 2018,4301889652139718,"""建议全国公交车都设置司机独立隔间而不去部分公交""",42
Fri Nov 02 12:44:40 +0800 2018,4301889647943584,"""一个启示，无论老泼皮还是小霸王，公众在关键时刻应该伸出援手，维护它人的安全同时也 是自身的安全。""",51
Fri Nov 02 12:44:37 +0800 2018,4301889635678271,"""回复@夏至惊鸿:不是""",13
Fri Nov 02 12:44:35 +0800 2018,4301889627643054,"""司机或是故意撞向对向车道拦杆，不然没必要打这么大的左转，没想到拦杆这么不经撞，悲剧了。发生纠纷时视全车人安全，完全应该停车报警。""",100
Fri Nov 02 12:44:34 +0800 2018,4301889627641669,"""回复@清晨-SunP:支持 真的教训太惨重15人但除她 还有未了的心愿 上有父母 下有小 承担养家的中年人""",43
Fri Nov 02 12:44:27 +0800 2018,4301889598539677,"""回复@蜀黍Charlie:突发事件造成的停车是随意停车？退一万步讲，如果停车发生追尾，追尾的后果跟危险驾驶造成车辆坠江，哪个损失大？""",31
Fri Nov 02 12:44:24 +0800 2018,4301889581432206,"""曾扇过一个老太太一耳光，大概五六年前，坐公交车到火车站去外地。一个老太太持老人卡上车，结果错过了一站，先大喊大叫要求公交车司机停车。司机解释不听，动手打公交车司机脑袋并抢方向盘。恰好我站前面，反手就给老太太一巴掌，大声呵斥：你他妈不要命了，我们这一车几十号人要命，行人要命。""",11
Fri Nov 02 12:44:23 +0800 2018,4301889581320953,"""🙏🙏🙏[蜡烛][蜡烛][蜡烛]""",100
Fri Nov 02 12:44:20 +0800 2018,4301889564632279,"""说是互殴，司机应该怎么办。""",31
Fri Nov 02 12:44:18 +0800 2018,4301889556226765,"""回复@北極輝:建议恢复株连九族""",11
Fri Nov 02 12:44:11 +0800 2018,4301889522324922,"""回复@DiedGod-:放屁""",50
Fri Nov 02 12:44:02 +0800 2018,4301889488904656,"""回复@斯泰尔斯哟:他就是这意思！""",11
Fri Nov 02 12:44:00 +0800 2018,4301889480500760,"""无知无畏的蛮横乘客，缺乏底线意识的驾驶员，没有及时制止冲突、保护驾驶员的旁观者，都當警醒！""",51
Fri Nov 02 12:43:57 +0800 2018,4301889468268619,"""回复@我是一个活泼可爱的小朋友:听重庆的说是做窗帘的，在朋友圈里传，不知真假""",32
Fri Nov 02 12:43:53 +0800 2018,4301889451868639,"""只需把驾驶区隔开，降低直接动手冲突的概率，远比你洋洋洒洒分析那么多更可行有效""",100
Fri Nov 02 12:43:49 +0800 2018,4301889439528339,"""女乘客不说了。司机在遇到争执时，已无法专注开车，扭头争吵挺久，本可以靠边停车，他没有停，感觉也没减速。再到上升到动手时，还没有减速停车的反应，应急处理很不到位。其他乘客很无辜。""",14
Fri Nov 02 12:43:46 +0800 2018,4301889422390333,"""回复 @不靠谱的混蛋:很冷漠，但也很有道理""",12
Fri Nov 02 12:43:45 +0800 2018,4301889417861292,"""报警有个JB用""",100
Fri Nov 02 12:43:38 +0800 2018,4301889393326575,"""以后在公交上碰见抢司机方向盘的就应该一车人上去把他踹下去""",37
Fri Nov 02 12:43:37 +0800 2018,4301889384589906,"""征兆和提醒！""",44
Fri Nov 02 12:43:36 +0800 2018,4301889379947333,"""公交车司机座位的设置可以更新一下，既能保护司机安全，防止乘客干扰，又不影响正常工作。比如为司机设置安全防护栏，司机可以开关，正常开车，而乘客无法近距离接触司机。这点思路希望能有抛砖引玉的作用。""",41
Fri Nov 02 12:43:33 +0800 2018,4301889367452257,"""@你的小彭友""",400
Fri Nov 02 12:43:33 +0800 2018,4301889367345417,"""一个人毁了那么多家庭。她这条命还真是值，一命抵十几条命，那些无辜者的家庭也无法追责了""",14
Fri Nov 02 12:43:28 +0800 2018,4301889350986032,"""回复@一箱牛奶不够:很明显，两个车中间还隔着一个车道呢？撞车是因为左边打之后的结果""",11
Fri Nov 02 12:43:29 +0800 2018,4301889350914255,"""又一个魔幻现实主义题材""",31
Fri Nov 02 12:43:28 +0800 2018,4301889350539809,"""回复@涛声依旧V8h2:这本来就是和稀泥的后果之一，高铁霸座，碰瓷啥的""",35
Fri Nov 02 12:43:22 +0800 2018,4301889321506190,"""就我见过的公交车司机，脾气爆性格不好的绝对不在少数。掌握这么多人命的人应该有心理疏导机制……//@线味:所以但凡大事件发生，肯定不是一个人的责任，站在各个位置的人都需要沉思。[蜡烛][蜡烛][蜡烛]""",100
Fri Nov 02 12:43:21 +0800 2018,4301889316934026,"""不保护好，以后报复社会的都去拉方向盘""",100
Fri Nov 02 12:43:16 +0800 2018,4301889296303377,"""回复@绿帽:逼泼妇要死自己跳江去  害了一车人  人家招谁惹谁了    这种人最后在这个社会排查一遍  有这种精神隐患的立马拉去治疗""",34
Fri Nov 02 12:43:13 +0800 2018,4301889283702007,"""最应该做的不是提高部分国民低下的素质吗？""",31
Fri Nov 02 12:43:13 +0800 2018,4301889283700321,"""回复@呜呜啦啦呼呀呀:我也是这么想，为什么要往⬅️打轮？""",11
Fri Nov 02 12:43:11 +0800 2018,4301889275726553,"""回复@LEZOOO:也许他看到车已经在逆行车道上，为了本能避让对向车辆，但是对向车58码已经来不及了，所以方向盘一直往左打进行避让。 几秒钟，速度都没有降，反应也来不及了。""",44
Fri Nov 02 12:43:05 +0800 2018,4301889250094108,"""将这女子打入十八层地狱，永不得超生""",11
Fri Nov 02 12:43:04 +0800 2018,4301889245787257,"""这就执法人成天和稀泥的代价[泪][泪]""",100
Fri Nov 02 12:42:58 +0800 2018,4301889220687030,"""骂完女司机，现在又骂司机，可是又有谁想到了司机的人身权利已经被侵害了呢？有乘客骂司机，他不能还嘴，因为他在开车，他要先靠边停车才能骂回去；有乘客打司机，他不能还手，他要先靠边停车才能打回去；有乘客抢方向盘，他不能动手，他要把方向盘抢回来继续靠边停车。人民素质的悲剧为什么司机买单。""",13
Fri Nov 02 12:42:45 +0800 2018,4301889170539087,"""这是出事后这么说，如果没出事儿就不会受重视了""",23
Fri Nov 02 12:42:46 +0800 2018,4301889165660224,"""说的是呢~""",12
Fri Nov 02 12:42:42 +0800 2018,4301889153843599,"""回复@沐兆伊评周周:避让不应该往右回吗?难道他想调个头?""",31
Fri Nov 02 12:42:39 +0800 2018,4301889144965701,"""我天呐，想想车里的人有多冤，对他们来说真是无尽的痛苦啊！""",45
Fri Nov 02 12:42:39 +0800 2018,4301889141584099,"""回复@罗伯源:这种行为报警可以行政拘留处罚吧""",100
Fri Nov 02 12:42:39 +0800 2018,4301889141135800,"""别的人都去哪儿了？""",41
Fri Nov 02 12:42:34 +0800 2018,4301889120585412,"""太恐怖了[悲伤]""",36
Fri Nov 02 12:42:31 +0800 2018,4301889107530153,"""回复@呜呜啦啦呼呀呀:是啊，不懂了！""",31
Fri Nov 02 12:42:27 +0800 2018,4301889091104510,"""这个教训应该改变刑法。""",51
Fri Nov 02 12:42:24 +0800 2018,4301889082217560,"""回复@不靠谱的混蛋:要求也太高了吧 先以此为戒让那些不守公德的人认识到错误再说""",100
Fri Nov 02 12:42:23 +0800 2018,4301889078124317,"""这个事实真让人无语。悲剧的症结就在于没人意识到各自行为的严重性，侵犯人没有，她只是在发泄，司机没意识，他只是要阻挡并回击，乘客没意识，管我P事呢。现在的社会和这车人又是多么的相似呢？""",32
Fri Nov 02 12:42:23 +0800 2018,4301889078123662,"""回复@北極輝:应是危害公共安全罪""",65
Fri Nov 02 12:42:17 +0800 2018,4301889052919280,"""@海米虾仁：公交司机的职业操守必备，但是妨碍行车安全就是罪大恶极。司机也是普通人，工作辛苦不说，还要经常遭到乘客辱骂殴打，实在是伤不起。""",32
Fri Nov 02 12:42:13 +0800 2018,4301889031918211,"""武汉公交司机厉害，公交司机经常飙车。速度最快，你上车慢，或者下车慢被门夹住很正常的事。而且公交司机是全国素质最差的，经常骂人。单手打方向盘，开车打电话，经常发生。你要是坐最后一排，或者站着，注意力不集中，会直接让你扑到前面去。开车猛，刹车猛，武汉人都怕坐公交，体验生死间感觉""",100
Fri Nov 02 12:42:11 +0800 2018,4301889027713404,"""这个女乘客作死的节奏，是狂躁型更年期吗?小小的事情害了十几年人命""",33
Fri Nov 02 12:42:09 +0800 2018,4301889015498820,"""回复@清晨-SunP:很好的警示作用""",41
Fri Nov 02 12:42:10 +0800 2018,4301889014601597,"""@小鱼干呢O_o""",100
Fri Nov 02 12:42:07 +0800 2018,4301889011171940,"""斗争精神弥漫社会，斗争哲学引领着伟大斗争、到处斗争！""",100
Fri Nov 02 12:42:04 +0800 2018,4301888993881649,"""就看你从那个方面来看这个问题了，就说司机，公交司机掌握着一车乘客的生命，他不顾全车乘客安全与滋事乘客开车时对殴，这种行为是没有职业道德的，应不应该为此事故负责任？""",400
Fri Nov 02 12:41:59 +0800 2018,4301888977198912,"""查出女乘客身份，公布信息，由其名下财产承担相关赔偿责任。""",53
Fri Nov 02 12:41:58 +0800 2018,4301888969164452,"""回复@清晨-SunP:至少在重庆事发地可以这么做""",42
Fri Nov 02 12:41:54 +0800 2018,4301888951994702,"""红绿灯的交警说了：司机采取措施不当，""",11
Fri Nov 02 12:41:51 +0800 2018,4301888944091144,"""回复@蜀黍Charlie:这不是屁话，这事，高速公路都可以停下来。""",11
Fri Nov 02 12:41:52 +0800 2018,4301888943598292,"""装护栏，可以吗？""",11
Fri Nov 02 12:41:48 +0800 2018,4301888926794630,"""说司机无辜的好好看看官方通报，都有罪，然后好好看看视频，突然猛打方向盘，打完以后还用两手稳住，不刹车""",32
Fri Nov 02 12:41:49 +0800 2018,4301888926746523,"""如果司机带枪，当司机被攻击时反击一枪，就算一枪打死了也挽留了十四条人命啊！！！所以说犯罪成本低是造成市民无理取闹的根本原因！""",32
Fri Nov 02 12:41:43 +0800 2018,4301888906156533,"""一次严重的事故背后有三十次普通事故，还有一千次隐患。而我们通常都在等教训。""",14
Fri Nov 02 12:41:36 +0800 2018,4301888876750256,"""回复@W2t4:泼妇站在司机旁边足足吵了五分钟。越吵越激烈动手了""",100
Fri Nov 02 12:41:32 +0800 2018,4301888860697491,"""回复@蜀黍Charlie:我认同 提高乘客素质才是根本""",100
Fri Nov 02 12:41:17 +0800 2018,4301888801025324,"""回复@币神尘世美:有一个人之前站出来，结果就可能不一样，这也是置身事外的后果""",100
Fri Nov 02 12:41:17 +0800 2018,4301888797194084,"""人工智能后遗症，取消售票员后，司机和乘客之间没有缓冲了，该想想办法啦！""",21
Fri Nov 02 12:41:16 +0800 2018,4301888792990694,"""扯淡 还手之前，司机做错了什么？！搞清因果关系！乘客素质有待提高！没有这个女的这么冲动，怎么能导致司机就失控了？""",100
Fri Nov 02 12:41:04 +0800 2018,4301888746675988,"""回复@绿帽:已经有人因为吵架而提前下车，说明不是几秒钟的事！！鲁迅先生说得好：中国历来不缺冷漠的看客！！！！""",100
Fri Nov 02 12:41:03 +0800 2018,4301888743000543,"""突然想起来，杭州湖滨苹果体验店开店那天，地铁大厅里一遍遍播放广播说凤起路龙翔桥不停车，结果有一位大妈，没听，就上地铁了，结果发现凤起路不停车，一直骂一直骂，看到执勤安全员也骂，还说我70岁了，你们这不是骗我吗。。。。。[拜拜]""",33
Fri Nov 02 12:41:04 +0800 2018,4301888742576506,"""回复@小小小小润发:我也觉得应该要有""",11
Fri Nov 02 12:40:59 +0800 2018,4301888725670379,"""规范司机要说，立法对这些活色判刑，和表彰这时候出手制止的见义勇为行为。而不是和稀泥让出手的人赔偿。这才是当务之急。顺序换一下吧。""",61
Fri Nov 02 12:40:58 +0800 2018,4301888717804315,"""一车无辜的生命""",35
Fri Nov 02 12:40:57 +0800 2018,4301888713173414,"""冲动是魔鬼👿""",400
Fri Nov 02 12:40:56 +0800 2018,4301888709490087,"""这不是公德问题，而是刑事案件问题""",31
Fri Nov 02 12:40:52 +0800 2018,4301888692168202,"""回复@西红柿汤有点咸:左打""",37
Fri Nov 02 12:40:52 +0800 2018,4301888687569402,"""回复@让我触及到天空:也许他看到车已经在逆行车道上，为了本能避让对向车辆，但是对向58码已经来不及了。""",44
Fri Nov 02 12:40:44 +0800 2018,4301888658820677,"""司机也有问题吧，听到他说，你再打我，我就飞下去的，结果就急打方向盘了，完全没有踩刹车的意思""",42
Fri Nov 02 12:40:35 +0800 2018,4301888621012793,"""不明白司机为何在打""",37
Fri Nov 02 12:40:34 +0800 2018,4301888616814495,"""回复@蜀黍Charlie:没必要洗，司机也是恶人，拉十几个人去陪他给他送葬。""",11
Fri Nov 02 12:40:30 +0800 2018,4301888600545980,"""回复@邯郸小学生日记:司机有责任，发生争吵就应当靠边停止驾驶，报警!因为你驾驶的是公共交通，绝不能出现情况还继续行驶!!!""",31
Fri Nov 02 12:40:31 +0800 2018,4301888599452318,"""回复@清晨-SunP:把这个贱女人的家庭地址爆出来，让受害人去她家诅咒""",11
Fri Nov 02 12:40:29 +0800 2018,4301888595447773,"""回复@蜀黍Charlie:我觉得你是对的。哪来的这么多人谴责司机的。他们都说车上的人是无辜的，我觉得司机也是无辜的，我他妈好好的开着车，哪来的神经病来找我麻烦。""",100
Fri Nov 02 12:40:27 +0800 2018,4301888587050327,"""回复@尼古拉斯-泰日天:左打是因为前面躲避轿车。请看另一个视频""",400
Fri Nov 02 12:40:25 +0800 2018,4301888579009371,"""你大妈已经不是当年的大妈[二哈][二哈]""",33
Fri Nov 02 12:40:25 +0800 2018,4301888578470807,"""在空中时也没松开方向盘""",51
Fri Nov 02 12:40:23 +0800 2018,4301888574994877,"""回复@张康你过来一下:是啊应给让她把司机打晕然后全车人再一起死？""",21
Fri Nov 02 12:40:25 +0800 2018,4301888574275742,"""现在大妈比壮汉难对付~//@冷颜墨然:10几个乘客没有一个人站出来制止，如果是个壮汉撒泼没人管还能理解，一个女人撒泼，坐着的乘客却事不关己高高挂起，没有一个人站出来说一句话，包括壮年男子。事实证明，…雪崩时，没有一片雪花是无辜的""",43
Fri Nov 02 12:40:16 +0800 2018,4301888536510751,"""说句不爱听的 没有一个人是无辜的 长达五分钟的争执 如果有哪怕一个人劝阻尝试 打断一下争执 悲剧完全有可能避免""",44
Fri Nov 02 12:40:12 +0800 2018,4301888524302564,"""国民缺乏变通，一块钱，半站路，一点小口角，小误会就可以决生死。原因大约在于，社会常识单薄，道德约束力渐微，法律又没有细化适用在这些生活的细小角落，哪怕事情事故不停出人命一茬茬被收割，立法还是纹丝不动，教育德育则遨游太虚，完全不知与现实贴合。这就是国情，好不好还是看经济建设""",61
Fri Nov 02 12:40:10 +0800 2018,4301888520657840,"""司机猛打方向盘的时候明明不是在争执当中，有涉嫌赌气报复的嫌疑""",31
Fri Nov 02 12:40:11 +0800 2018,4301888520194593,"""唯一正确的是乘客及时把闹事的拖下去暴打""",100
Fri Nov 02 12:40:09 +0800 2018,4301888512257449,"""回复@成都市精神内科副主任:这种大老娘们 警察也没办法的""",12
Fri Nov 02 12:40:10 +0800 2018,4301888511333351,"""唯一有效提升安全的方法是加大对影响公共秩序行为人的刑事处罚！从严从重！旁人不制止有很大一部分原因是因为他们的行为和可能得不到法律保护，反而会以互殴论伤处罚，所以多一事不如少一事的心态根深蒂固，各种前车之鉴也确实让人不敢伸手制止。。""",31
Fri Nov 02 12:39:54 +0800 2018,4301888452882601,"""回复@加快果酱:不用疏散乘客 直接报警就行了 我有时脾气很暴躁 是我的话直接靠边停车 拖下去一顿暴打 管他是不是女的""",43
Fri Nov 02 12:39:52 +0800 2018,4301888440643163,"""你们不是教育孩子：别人打你，你要打回来吗？[摊手]""",33
Fri Nov 02 12:39:52 +0800 2018,4301888440284003,"""原文里，居然提到了报警一词[允悲]""",41
Fri Nov 02 12:39:47 +0800 2018,4301888424054536,"""回复@14摄氏度的不冷不热:补充一下，司机的行为的确也有点不安全""",11
Fri Nov 02 12:39:46 +0800 2018,4301888419634744,"""应对此类危机，公交司机应该经过专门培训，这个司机明显不合格。""",100
Fri Nov 02 12:39:46 +0800 2018,4301888416008516,"""同意这个说法""",51
Fri Nov 02 12:39:45 +0800 2018,4301888411811370,"""回复@蜀黍Charlie:司机做错选择是情有可原的，但这并不代表司机就做对了，请知悉。""",100
Fri Nov 02 12:39:31 +0800 2018,4301888352425366,"""司机周围建隔离护栏""",22
Fri Nov 02 12:39:24 +0800 2018,4301888327802325,"""应该从硬件上确保公共交通工具驾驶人员的正常工作不受干扰和影响，比如将驾驶台封闭。""",53
Fri Nov 02 12:39:23 +0800 2018,4301888319081384,"""乘客刘某和司机都有责任，乘客刘某虽然罪恶，但司机不应反手打，应该把车停稳，在说。要不打不反手，处理方式不对。一车人多个家庭陪着你们，悲哀啊[笑cry][笑cry]""",41
Fri Nov 02 12:39:19 +0800 2018,4301888307062611,"""什么叫唯一有效的提升方法，就是提高司机的反应水平？无法筛选乘客，不代表就要对乘客的行为听之任之，抢夺方向盘这类行为已经涉嫌危害公共安全，实际上这类犯罪达到危险程度就可能构成刑事犯罪，造成严重后果更是应当追究刑事责任。对首先破坏秩序的人也需要严肃处理，更能引以为戒。""",36
Fri Nov 02 12:39:20 +0800 2018,4301888306711502,"""我觉得有这样的乘客，应该列入公共交通黑名单，飞机，火车，公交，高铁，2年内一律不允许乘坐。自己走路去吧。""",44
Fri Nov 02 12:39:18 +0800 2018,4301888302509957,"""如果以前的事件都会都这些抢夺方向盘的严惩，判一个三两年，重庆这件事说不定就不会发生了，不知道为什么不能严惩这些违法行为""",81
Fri Nov 02 12:39:15 +0800 2018,4301888285714765,"""女人当家，房倒屋塌！""",31
Fri Nov 02 12:39:14 +0800 2018,4301888281273037,"""回复@W2t4:等乘客给司机打起来再去反应事情的严重？？刚吵架就应该制止""",100
Fri Nov 02 12:39:12 +0800 2018,4301888277066751,"""回复@蜀黍Charlie:打人乘客必然不对，但是司机的罪过也不轻，司机要是不故意报复女乘客，不这样打方向盘会出现这种事情？""",51
Fri Nov 02 12:39:09 +0800 2018,4301888259911223,"""如果每个人都在冷漠，都置身事外，悲剧发生。如果哪怕有个乘客出来把那个可恨的妇女拉走，他或者她挽救了所有人的生命。""",31
Fri Nov 02 12:39:08 +0800 2018,4301888256067350,"""回复@LEZOOO:大车高速打方向是不能刹车的 会直接翻车""",37
Fri Nov 02 12:39:04 +0800 2018,4301888234654751,"""呵呵！奇葩论，心理扭曲的人是罪魁祸首。应急状况需要慢慢疏导情绪？""",32
Fri Nov 02 12:39:00 +0800 2018,4301888226656297,"""有些评论真的太极端，事故的发生司机和女乘客都有不可推卸的责任，在无法对乘客进行有效筛选的情况下，司机自身安全驾驶的意识和技能本就应当提升。""",31
Fri Nov 02 12:39:00 +0800 2018,4301888222708826,"""回复@W2t4:吵架吵了多久？之前有人提前下车的！""",100
Fri Nov 02 12:38:57 +0800 2018,4301888205282642,"""对于危害公共安全的行为，一定要严惩！""",43
Fri Nov 02 12:38:54 +0800 2018,4301888197506866,"""回复@W2t4:都打了快两站的怎么也有十几分钟了，不劝架？""",400
Fri Nov 02 12:38:45 +0800 2018,4301888164253117,"""回复@成都市精神内科副主任:是的!司机有责任……""",31
Fri Nov 02 12:38:41 +0800 2018,4301888143166702,"""这种事确实曾经发生过太多次了，没想到这次终于酿成大祸。以前要么是司机应对得当，要么是运气好，才没出事。""",44
Fri Nov 02 12:38:35 +0800 2018,4301888117700387,"""驾驶室隔开才是最有效的办法""",44
Fri Nov 02 12:38:30 +0800 2018,4301888091989390,"""还是针对司机 无耻 以后这种乘客应该直接枪毙""",50
Fri Nov 02 12:38:20 +0800 2018,4301888054960603,"""回复@Lai-Allan:护拦有没有问题？""",32
Fri Nov 02 12:38:15 +0800 2018,4301888033683984,"""回复@你的小熊死了x:司机转的？""",100
Fri Nov 02 12:38:12 +0800 2018,4301888025553663,"""社会戾气太重""",50
Fri Nov 02 12:38:11 +0800 2018,4301888016787599,"""只有我一个人认为是司机赌气冲下去的吗""",33
Fri Nov 02 12:38:08 +0800 2018,4301888004556442,"""请万州人仔细听听司机最后是不是说了句 “那都来嘛” ? 真希望不是这样的不是这样的!""",50
Fri Nov 02 12:38:07 +0800 2018,4301888004535835,"""回复@柠痞爷:北京的部分公交车驾驶员位置有防护""",11
Fri Nov 02 12:38:02 +0800 2018,4301887978978942,"""公交车模仿飞机，将驾驶室隔离。也不现实，司机抽风怎么办？还得靠广大乘客监督。""",44
Fri Nov 02 12:38:01 +0800 2018,4301887975413486,"""可能因为司机抬眼看到红色轿车要撞上了呢？向左猛打方向呢？他也没想到会冲下去吧！这么多因素影响着:1.正在气头上，2.车速还挺快，3.对面有红色车，4，反应时间也不够啊！ 真是服了你们了，经历了对女司机的诽谤不够，阴谋论又开始了！""",21
Fri Nov 02 12:38:00 +0800 2018,4301887975130686,"""🙏🙏""",44
Fri Nov 02 12:37:59 +0800 2018,4301887967012978,"""回复@不靠谱的混蛋:短短几秒钟 谁能反应过来？""",37
Fri Nov 02 12:37:59 +0800 2018,4301887966378200,"""回复 @不靠谱的混蛋:这代价真大""",100
Fri Nov 02 12:37:58 +0800 2018,4301887966372829,"""原罪在哪里，这洗涤的，。。""",100
Fri Nov 02 12:37:58 +0800 2018,4301887962175521,"""这就是重庆万州坠江视频吗？""",44
Fri Nov 02 12:37:56 +0800 2018,4301887958610486,"""你tmd是故意的不想说还是不敢说，以后这样的乘客直接抓起来关个几年或者直接枪毙啊""",400
Fri Nov 02 12:37:56 +0800 2018,4301887954412555,"""真的是不作死就不会死，问题是还连带那么多无辜的人！这种乘客最可恨！！""",31
Fri Nov 02 12:37:55 +0800 2018,4301887954411709,"""回复@绿帽:中国什么最可怕？中国城市大妈最可怕！""",100
Fri Nov 02 12:37:55 +0800 2018,4301887949575358,"""终点站到了[二哈][汗]""",100
Fri Nov 02 12:37:52 +0800 2018,4301887937325460,"""回复@LEZOOO:恰恰相反 到时候 被蹭的轿车会找司机 一车乘客也会怪司机开车不小心 耽误他们时间 女乘客不会顶多被批评教育 毕竟方向盘不在她手上 就凭这点她就不会被刑拘""",42
Fri Nov 02 12:37:53 +0800 2018,4301887936735333,"""回复@张康你过来一下:是你在扯吧？""",44
Fri Nov 02 12:37:51 +0800 2018,4301887928343220,"""所以为什么冲下去了？""",100
Fri Nov 02 12:37:46 +0800 2018,4301887911767432,"""希望女乘客下十八层地狱！""",14
Fri Nov 02 12:37:45 +0800 2018,4301887907918149,"""澎湃站着说话不腰疼……""",42
Fri Nov 02 12:37:43 +0800 2018,4301887900161117,"""一点都不好笑……""",51
Fri Nov 02 12:37:28 +0800 2018,4301887836028032,"""回复@绿帽:没有无辜者。一车乘客为他们的事不关己付出代价是必然的。""",100
Fri Nov 02 12:37:18 +0800 2018,4301887794758762,"""不是规范司机而是保护司机""",32
Fri Nov 02 12:37:17 +0800 2018,4301887790559020,"""回复@张康你过来一下:人家通报的是“乘客一路辱骂，司机耐心解释”后来乘客开始打司机，你换位思考一下，而且当时是在大桥上，后面有许多车，不可以随意停车吧？""",400
Fri Nov 02 12:37:16 +0800 2018,4301887786004258,"""这疯女人并没有抢夺方向盘，司机也有很大责任""",400
Fri Nov 02 12:37:16 +0800 2018,4301887786003468,"""还是给司机弄个独立驾驶室吧""",12
Fri Nov 02 12:37:13 +0800 2018,4301887773757128,"""回复@成都市精神内科副主任:就是因为报警对她没有什么太大影响，也许要是报警能给这个女的但凡一点教训，我估计司机也不会向左打方向盘！""",400
Fri Nov 02 12:37:10 +0800 2018,4301887761154573,"""最后真的很绝望""",11
Fri Nov 02 12:37:11 +0800 2018,4301887760500740,"""其实司机右侧应该安装一个防护的透明板或者铁栏栅，就像许多的士一样，防止有乘客袭击司机""",44
Fri Nov 02 12:37:08 +0800 2018,4301887752753224,"""司机受刺激了。这个女的怎么这么蛮横。""",61
Fri Nov 02 12:37:04 +0800 2018,4301887735951192,"""回复@沐兆伊评周周:看司机的行为好像是故意的，连刹车都没有踩""",33
Fri Nov 02 12:37:03 +0800 2018,4301887731658525,"""回复@沐兆伊评周周:剐蹭什么了?""",31
Fri Nov 02 12:37:00 +0800 2018,4301887724009990,"""司机故意的吧""",31
Fri Nov 02 12:36:53 +0800 2018,4301887690059553,"""最后啊！！的那一声是绝望的声音，该对全民素质呐喊了""",41
Fri Nov 02 12:36:50 +0800 2018,4301887672645757,"""司机应该做的是，应急停车，疏散乘客，然后报警，不知道我理解的对不对，我不知道当时桥上支不支持停车和疏散乘客的条件，但是这可能是比较好的解决办法，然后严格立法啊，这种影响司机驾驶的行为应该等同于危险驾驶罪，执法必严违法必究。那个女的该死，tmd！""",33
Fri Nov 02 12:36:48 +0800 2018,4301887669058785,"""回复@蜀黍Charlie:谁是罪魁祸首和让谁去防范这是两码事""",11
Fri Nov 02 12:36:39 +0800 2018,4301887635805701,"""这位中年妇女在地狱也有人找她麻烦的。""",61
Fri Nov 02 12:36:39 +0800 2018,4301887630836811,"""不连坐没用。死了就没有然后了？全家坐牢！""",11
Fri Nov 02 12:36:38 +0800 2018,4301887626995530,"""╯﹏╰""",21
Fri Nov 02 12:36:28 +0800 2018,4301887585320076,"""和大家推断的基本一样，冲动是魔鬼啊！[汗]""",21
Fri Nov 02 12:36:25 +0800 2018,4301887576228041,"""停下来 打一架""",51
Fri Nov 02 12:36:25 +0800 2018,4301887572382836,"""回复@线味:同意，同车的该出手时也要出手！""",100
Fri Nov 02 12:36:18 +0800 2018,4301887542977353,"""回复@PICK-CHINA:钱你来出啊？""",100
Fri Nov 02 12:36:14 +0800 2018,4301887526078034,"""更多的是看客""",100
Fri Nov 02 12:36:09 +0800 2018,4301887505431219,"""有请正能量来为刘乘客洗地""",100
Fri Nov 02 12:36:06 +0800 2018,4301887497027085,"""恨！""",44
Fri Nov 02 12:36:07 +0800 2018,4301887492214383,"""司机一定要先把车停稳了再还手，并可认定为正当防卫。""",42
Fri Nov 02 12:36:04 +0800 2018,4301887484859051,"""讨论公德，还局限在伦理道德范畴。首要之急是将司机和乘客进行物理隔开。""",100
Fri Nov 02 12:35:59 +0800 2018,4301887467623038,"""得了吧，没见一个乘客会劝阻的""",100
Fri Nov 02 12:35:54 +0800 2018,4301887442857490,"""我觉得是司机被激怒了。你们看看方向盘左打很坚决，完全没有右边打回去的想法。不知道警方有没有考虑过？不管怎么样，这两个人都不是好东西""",11
Fri Nov 02 12:35:54 +0800 2018,4301887442772843,"""恶妇""",61
Fri Nov 02 12:35:54 +0800 2018,4301887442421354,"""不严惩追责闹事者，以后这种事情不会杜绝""",11
Fri Nov 02 12:35:51 +0800 2018,4301887434456030,"""回复@成都市精神内科副主任:对这种情况要有明确规定。""",44
Fri Nov 02 12:35:45 +0800 2018,4301887405057496,"""要不要在驾驶员的身边设一个电击网？谁触碰谁找死！[怒][怒][怒]""",21
Fri Nov 02 12:35:39 +0800 2018,4301887379412062,"""评论员什么事逻辑啊！抢方向盘和拉登抢飞机控制权一样，是恐怖袭击！""",32
Fri Nov 02 12:35:36 +0800 2018,4301887371006982,"""公交车司机在取消售票员之后，要承担开车，售票和维护行车安全的工作，相关部门也要考虑是否职位设置太简单。毕竟司机并不是神....""",100
Fri Nov 02 12:35:33 +0800 2018,4301887354112675,"""因为自己一个不开心的举动害了十多个家庭，让全国人民担心了好几天，这也是对所有人不要抢夺方向盘的一个教训""",53
Fri Nov 02 12:35:32 +0800 2018,4301887349910420,"""这个事情说明了，坐公交不要坐过江的～""",33
Fri Nov 02 12:35:29 +0800 2018,4301887338117596,"""相比提高人的素质是不可能的，限制司机更容易""",35
Fri Nov 02 12:35:22 +0800 2018,4301887312561628,"""问下，桥梁中间没有隔离带么""",42
Fri Nov 02 12:35:19 +0800 2018,4301887295298941,"""回复@温温LHH:我赞成""",13
Fri Nov 02 12:35:17 +0800 2018,4301887286896849,"""司机是弱势群体。""",36
Fri Nov 02 12:35:14 +0800 2018,4301887279309988,"""回复@LEZOOO:就是因为剐蹭了，人的避让本能所以一直打方向""",44
Fri Nov 02 12:35:14 +0800 2018,4301887274654313,"""回复@别拿大葱不当菜:杠精""",43
Fri Nov 02 12:35:13 +0800 2018,4301887270562223,"""你错过了一站，其他乘客却错过了后半生。""",51
Fri Nov 02 12:35:12 +0800 2018,4301887266710718,"""回复@Stuck_in_the_moment:建议追加键盘侠的责任""",100
Fri Nov 02 12:35:12 +0800 2018,4301887261431682,"""应该，恢复女售票员制度，或者随车保安。司机建个隔离区，本来开车还得监督收费太分心，就算没有殴打司机，也总有人瞎搭话，瞎BB的，分心，走脑子""",12
Fri Nov 02 12:35:11 +0800 2018,4301887257235536,"""一个女魔鬼 害了这么多人 不知道她在地狱后悔过没有""",100
Fri Nov 02 12:35:08 +0800 2018,4301887253289394,"""感谢澎湃能多一分思考 之前节奏有点可怕...""",11
Fri Nov 02 12:35:04 +0800 2018,4301887233022014,"""派出所早就变成了和稀泥的地方！//@吒佛爷:无法筛选那就少和稀泥该拘留的拘留该罚款的罚款""",14
Fri Nov 02 12:35:00 +0800 2018,4301887215845801,"""为什么左打方向盘，还那么一大圈""",12
Fri Nov 02 12:34:59 +0800 2018,4301887212019341,"""回复@18green_new:大哥你逗笑我了[允悲]""",100
Fri Nov 02 12:34:59 +0800 2018,4301887211646859,"""公知拍了下脑袋，群众哪是他能染指的，思来想去也只能借司机发声，证明自己的存在……是没有任何意义的""",11
Fri Nov 02 12:34:58 +0800 2018,4301887207910793,"""轰动全国的公交车坠江事故，真相终于调查清楚了。就因为错过下车站，而与司机发生争执，导致一车十五人陪葬。我觉得应该把这个女的做成雕像，把她的事迹写在雕像上，跪立在每个公交车站旁，让每一个准备坐车的人，都看一看""",11
Fri Nov 02 12:34:52 +0800 2018,4301887182239734,"""回复@蜀黍Charlie:我是同情司机的。""",42
Fri Nov 02 12:34:51 +0800 2018,4301887178771946,"""司机有点上头了[并不简单][并不简单]""",37
Fri Nov 02 12:34:51 +0800 2018,4301887178419171,"""回复@蜀黍Charlie:别扯淡了，驾驶公众交通工具的司机也需要提高职业素养吧""",31
Fri Nov 02 12:34:48 +0800 2018,4301887169634837,"""跟司机有个毛关系，难不成让他一边挨打一边开车？""",42
Fri Nov 02 12:34:39 +0800 2018,4301887127891915,"""中年妇女就是想你停车啊""",51
Fri Nov 02 12:34:38 +0800 2018,4301887123691818,"""司机主动向左打死方向，这个操作也是彪悍的！以为撞了对向车会停下来吗？""",33
Fri Nov 02 12:34:35 +0800 2018,4301887111091253,"""就是政府平时太过纵容无赖们，才导致无赖们有恃无恐。[挖鼻]如果平时就严惩不守规矩的无赖，谁还敢在公交车乱来？[汗]""",11
Fri Nov 02 12:34:36 +0800 2018,4301887110636280,"""强烈建议交通法规里应该把乘客这样的行为归入交通肇事罪，现在的交规对肇事罪往往只针对机动车司机，对造成事故的非机动车、行人等基本都不入刑定罪，造成行人、非机动车基本无视交通法规，交规应该是针对所有交通参与者的，应一视同仁，包括机动车乘客。同时公交车应增加司机一键报警或一键报车队求助""",31
Fri Nov 02 12:34:25 +0800 2018,4301887073673715,"""司机责任""",11
Fri Nov 02 12:34:25 +0800 2018,4301887069084916,"""我以为微信上看到的视频是假的，真当罪孽深重[衰]""",100
Fri Nov 02 12:34:21 +0800 2018,4301887052280159,"""回复@Stuck_in_the_moment:有病""",100
Fri Nov 02 12:34:20 +0800 2018,4301887043500643,"""司机无辜，驾驶室加防护可以考虑，危害驾驶行为要判刑""",100
Fri Nov 02 12:34:16 +0800 2018,4301887031671269,"""哎～""",44
Fri Nov 02 12:34:14 +0800 2018,4301887026973138,"""咒骂株连都是没用的，加强司机培训才是关键。""",400
Fri Nov 02 12:34:13 +0800 2018,4301887018677232,"""以危害公共安全罪论处，撒泼的人该治治了""",43
Fri Nov 02 12:34:12 +0800 2018,4301887014473085,"""以前微博看到好多次，骂人，打司机，抢方向盘都有，有报警了，但是还是教育一下就放了，有用？犯罪成本太低了！""",100
Fri Nov 02 12:34:11 +0800 2018,4301887005735369,"""回复@斯泰尔斯哟:最后很像“开下去算了”""",51
Fri Nov 02 12:34:04 +0800 2018,4301886981267572,"""百年修得同船渡。上了一个车，我们就是一伙的。""",50
Fri Nov 02 12:33:59 +0800 2018,4301886960127488,"""十八层地狱就是专门给这种人开的。""",51
Fri Nov 02 12:34:00 +0800 2018,4301886959578307,"""素质低的不让坐公交车，高铁，飞机""",100
Fri Nov 02 12:33:58 +0800 2018,4301886956066102,"""司机处理方式更安全一点就好了""",400
Fri Nov 02 12:33:58 +0800 2018,4301886955927381,"""所以但凡大事件发生，肯定不是一个人的责任，站在各个位置的人都需要沉思。[蜡烛][蜡烛][蜡烛]""",31
Fri Nov 02 12:33:54 +0800 2018,4301886939122148,"""@zhen_g1""",53
Fri Nov 02 12:33:54 +0800 2018,4301886934402394,"""回复@你吃没吃饭:一家四口""",100
Fri Nov 02 12:33:51 +0800 2018,4301886926155429,"""中国人的素质真的到此为止了吗""",400
Fri Nov 02 12:33:46 +0800 2018,4301886909349139,"""官方定性非常清楚，乘客刘某和驾驶员冉某都涉嫌犯罪，刘某不用说了，罪该万死！驾驶员没有意识到不停车和乘客斗殴的严重性，如果在其他地方，猛打方向，不刹车，造成一些损失可以让乘客定性为危险方法危害公共安全，否则没有造成严重后果可能会不了了之，但在桥上！下面是100米深！！护栏挡不住！！！""",35
Fri Nov 02 12:33:46 +0800 2018,4301886905664195,"""前几秒是不是有个叫妈的。前几天有个说一家四楼在车上的，带着他妈跟两个孩子的，哎逝者安息！""",100
Fri Nov 02 12:33:46 +0800 2018,4301886905148618,"""这女的死都不让人惋惜，可惜了无辜的生命""",44
Fri Nov 02 12:33:45 +0800 2018,4301886901315157,"""建议司机在遇到这种情况，靠边停车熄火报警！""",51
Fri Nov 02 12:33:46 +0800 2018,4301886900834378,"""司机隔离室是个好东西[摊手]""",35
Fri Nov 02 12:33:43 +0800 2018,4301886892549238,"""我想问那个乘客还是生还的嘛""",44
Fri Nov 02 12:33:41 +0800 2018,4301886885014197,"""司机座位旁边立块牌子：司机神圣，不可侵犯。""",400
Fri Nov 02 12:33:41 +0800 2018,4301886884410035,"""两个人都有问题  不得不说现在很多司机态度真的很差  骂起人来真的难听 点名南昌""",36
Fri Nov 02 12:33:37 +0800 2018,4301886868124779,"""听到了一车人绝望的喊声……""",23
Fri Nov 02 12:33:37 +0800 2018,4301886863071331,"""无法筛选那就少和稀泥该拘留的拘留该罚款的罚款""",33
Fri Nov 02 12:33:35 +0800 2018,4301886859307271,"""自己该死还拉人垫背，一车人死不瞑目""",31
Fri Nov 02 12:33:31 +0800 2018,4301886842508007,"""仔细听司机猛打弯时的话，司机可能真的被激怒丧失理智了，这两人害了一车人的命""",51
Fri Nov 02 12:33:30 +0800 2018,4301886838813127,"""10几个乘客没有一个人站出来制止，如果是个壮汉撒泼没人管还能理解，一个女人撒泼，坐着的乘客却事不关己高高挂起，没有一个人站出来说一句话，包括壮年男子。事实证明，…雪崩时，没有一片雪花是无辜的""",42
Fri Nov 02 12:33:28 +0800 2018,4301886829903154,"""道歉  谢谢""",35
Fri Nov 02 12:33:22 +0800 2018,4301886809669986,"""规范尼玛勒个币 直接停车 然后司机和全车乘客直接往死里打抢夺方向盘或者动手打气机的 管你老弱病残孕 往死里打""",61
Fri Nov 02 12:33:22 +0800 2018,4301886804963877,"""这司机应对也有问题，方向已经严重偏离，他有机会纠正，但是他没有！直接出去了！""",11
Fri Nov 02 12:33:21 +0800 2018,4301886800923602,"""女乘客希望她下十八层地狱""",33
Fri Nov 02 12:33:18 +0800 2018,4301886788159861,"""是是是，都是他人的错，但咱就是不对失实报道进行道歉""",41
Fri Nov 02 12:33:16 +0800 2018,4301886779394868,"""完成任务""",12
Fri Nov 02 12:33:12 +0800 2018,4301886763472935,"""司机和乘客隔离""",21
Fri Nov 02 12:33:11 +0800 2018,4301886758389817,"""不向女司机道歉吗""",44
Fri Nov 02 12:33:07 +0800 2018,4301886746152445,"""司机有重大过错，开车不看路，应该至少负一半的责任""",35
Fri Nov 02 12:33:06 +0800 2018,4301886738269717,"""灾难发起者才是罪魁祸首！司机不是""",400
Fri Nov 02 12:33:05 +0800 2018,4301886733183145,"""这种乘客该判刑""",50
Fri Nov 02 12:33:04 +0800 2018,4301886729353327,"""也可以对这种乘客加大力度惩罚!""",400
Fri Nov 02 12:33:04 +0800 2018,4301886729351241,"""其实剐蹭一下啥的，这个乘客就要被刑拘了，这个司机的行为太极端了""",33
Fri Nov 02 12:32:55 +0800 2018,4301886691543590,"""一个人害了整车的人。""",43
Fri Nov 02 12:32:53 +0800 2018,4301886678444705,"""你错过了一站  无辜的人却错过了一生""",100
